r/relationships,r/loseit,r/personalfinance,r/offmychest,r/relationship_advice,r/dating_advice,r/dogs,r/legaladvice,r/AskReddit,r/running,r/tifu,r/needadvice,r/cats,r/Advice,r/BreakUps,r/pettyrevenge,r/self,r/GetMotivated,r/Parenting,r/weddingplanning,r/college,r/jobs,r/Dogtraining,r/Pets,r/Cooking,r/askwomenadvice,r/AskDocs,r/travel,r/books
2.991040176395796,2.5503790777400694,3.288102472039111,4.439508594772914,3.789440337045116,2.393751722425395,3.575922306903804,7.568475524673547,2.8901623482665597,1.730660466693605,3.290935919631258,5.425687664038241,2.228830405957389,2.712352508448269,3.2019176921674246,2.8590297859181417,2.3653546573351694,3.7793061789997116,4.640332649936746,1.5745129120878747,4.214985301165469,2.5941643547793682,2.77629265768878,3.071595159752154,2.0829792789049577,2.729576430638636,5.462859755983045,4.423539461008515,2.196101212455523
2.9757225533320457,7.195857835239422,1.4835407396271392,2.3142033479248045,2.2154606174334437,2.6889825069770095,2.096585361332623,3.9201010115076134,2.94461808161846,2.1930237913637125,3.1723201767145697,6.341372945063779,5.163776503434492,3.2720858583063275,4.690599957411563,5.3669119362050255,1.5510163295691453,3.373154869133068,2.4750930711574637,5.082233851028466,1.974258772491567,3.2496599103975745,6.57432758149213,5.12943064901008,7.145746594372802,4.022242816905351,5.061236519653254,3.282138963217345,6.86740003445717
3.2093694197655327,4.077389038938132,5.238842005705402,5.310166432179095,3.029003306612943,4.605898100151248,2.9227755019922603,4.224936422749695,5.3899355998675444,5.740363061666588,3.0230058880226536,4.346903164094106,6.0665391619736795,2.947783766649434,3.34645584873141,3.5863658165580827,4.493335162925065,3.2011721228448997,3.718808650703022,2.079830933042472,3.2271286596836277,4.059997963992282,5.322377243927464,2.3016252447315644,9.154040835719945,4.587438144906134,6.834273971903715,5.240392448492885,6.011716203852432
2.51479413764134,3.587266133761535,4.3981415039697405,2.134544178314462,3.9806403524977543,3.2921876735154676,6.322897134556111,2.648406345375375,3.2759378043267993,4.311349312565288,3.630088846600968,3.6594642126903247,3.5658901865701305,2.815578992628197,3.0752032381861776,4.913611990435828,4.3514310037467405,3.400809332904512,3.1556090908370185,3.9844871293250272,6.160730328276237,2.5738757046614977,4.47082036835117,4.463061283067988,8.811973616452388,4.5519991200892,2.4189982452329613,3.7031978280499778,6.069740512798605
3.004402899463739,3.573883029080631,2.383501452916181,3.4040601412169313,5.5786174672397335,1.7890474311133018,3.3499292772354323,3.243512921363132,3.4653951364092412,3.9211700016425923,4.639860418728779,2.9293080092278987,6.3695488282930475,2.4500797890094224,3.160888058949871,2.057869928312165,5.240048027196717,3.5142067874531993,4.336476026044792,5.835085705198311,2.4282725161787804,3.680499187246717,5.081439329738848,3.838081859004423,6.405033487192376,5.545564762067348,2.141004699991897,5.205169291073377,3.4429972422319723
5.1666579255731895,11.208259309216935,2.831148253615342,2.698126120676889,3.1652953665263794,4.145965025869818,3.9662552117477894,5.168069605581961,2.331386634131844,2.561024836369666,3.3895378536954137,3.1409505851411548,3.980536323438868,4.506478130668172,3.1414889679402664,4.499020464746634,5.48311061916153,2.268835820792119,5.143470800646466,4.692809373182036,3.9868095705590125,3.1743183251362503,7.343985889858409,4.209786628472094,3.4157862990717085,4.541505654294712,6.826836243684094,6.395420461421176,3.142669177540928
2.343221218184965,2.7790860481805235,4.027560793210366,1.5941895956194005,3.6622062943463005,3.609115240219145,4.864091725774449,3.8665716242225177,4.874158590226519,3.679337527945323,2.8435204120301854,4.1318008883198525,5.297533153450583,3.922645345309643,4.194986868047846,4.081579016778324,2.6227756913384885,1.8429811210602156,5.421456496903947,5.446440144101209,7.875754943589881,3.336008418326023,5.411049573711686,2.457287944459888,4.5372043761842065,3.6830669886197684,4.5092960824565225,4.423205121976812,4.649002560445758
4.625002479118932,4.2764226750429835,2.6464738699682577,1.497540063675439,2.3289506372698208,3.8718560169108795,2.924502957898937,7.295361801392128,6.075827016814094,3.421984720535565,4.454835664326919,7.888158295102767,5.209674416426728,3.3741096090960174,4.529588441772154,2.7297837721207565,2.14614912791781,7.974730497643522,3.0385949465558113,4.683521181745498,3.7914980483122984,4.374634637801557,6.5768546514519235,3.7509910393713746,6.7024322274925625,3.3489649665242442,6.6705307204853534,6.192523301415509,4.469180175012201
2.9523625192542178,5.208577696587897,4.33300580178861,1.2317092372482832,3.559636585483892,3.3540256251991734,4.626129793679795,8.671301723407874,1.4432928203402633,5.769753498491306,3.656655785378626,3.309321238657598,3.6441148823714435,4.195172712401484,2.938823830530185,3.690083621815472,4.217499898057331,3.0604758882430385,5.188726729624105,4.1296757684478145,5.6356050267995075,3.077465407167948,4.833557500505352,7.20710768658805,4.352273394009575,6.547732779795119,4.852642536680768,5.836835158932985,3.9982552514649066
3.9140837672324893,5.459007249651552,3.9999837953039155,3.936013381693069,1.8482661931508686,3.523005060300711,3.339303050764026,4.23278243840134,1.7904713366916714,4.362302363120208,3.335004540764005,4.920645261847266,5.4615432846595695,3.780404479083614,2.7389169680052223,3.605206208451807,4.089943226425465,2.7994472866129243,4.117429909481778,9.1909619877805,3.7829476982621695,2.4437664441067906,5.901647796517222,3.872998177399281,9.953799120247503,3.521361895447696,3.9845875170452096,3.385960435633062,4.294842637467566
3.6503992847508697,8.847094722918476,3.349032819150666,3.5708857403810033,3.4900155787450053,1.676746088590296,11.533230332326061,3.1661767991512098,4.392960610080098,3.8410449688864543,3.6556450672050524,3.420356631444574,4.274429248906455,2.170858258076458,4.1139119686921575,3.7144019068456235,6.512107731427561,2.2377679083304987,5.282159739684697,3.3764977418940068,3.6835998111333317,6.901854663005881,4.157623780891619,4.779144353930762,5.451591388259671,2.561534478576378,4.754064243787405,7.471551670167325,3.9297012625765015
3.382778625771907,4.482364237601184,3.4832959661988183,2.242259018795715,3.1460094142920503,3.1299222854428352,4.93836568758875,3.524543239665411,2.9570578117090687,5.790541805832426,5.1037704136339075,4.1046008078471825,4.263500673412286,6.135179643599538,2.392631811235068,1.9298012934914206,1.5112039548865448,2.9981401644168524,3.0091674268720614,4.010946860848236,5.119939138606558,3.668057647999589,2.384583846491553,7.261778647359328,8.820882332412063,2.8854486667234345,3.474852887258999,5.7071424674286835,1.8521508154784616
4.4805376348008235,11.758344459378659,4.738638668139229,2.6365991338402344,11.051758585778405,4.511944648649983,4.095418683267974,3.6939416531078546,2.3929745387265338,5.691260677807664,4.741374024976603,2.988107212098626,2.5564018957149908,5.406230705014543,2.4454276915072626,3.804204551918955,3.1416463333283113,2.0012036063552183,5.636197702535094,3.8356296638806238,5.93679502992693,2.4433204696002515,5.3560443591504034,5.007608093777748,3.661252767693927,2.0880619445521136,4.418453074427746,10.993144455048387,7.590353607476081
2.579076258590128,5.456564190477356,5.092367644360683,2.4274443504096235,3.0019978961533695,4.471153011965218,3.8280440921699967,3.33635324229373,4.4548941814059955,3.234623306502969,3.2417478184772617,1.906110963188692,7.716688775988508,2.576367097652459,2.2223835489413473,1.7280893830672777,3.209323170547355,1.950377110666113,4.4096831426719625,2.5814582821767544,4.378507199398802,3.2647244416048236,4.452435025910302,7.142990356403043,3.3525470928574888,3.8089699004414843,4.380532349686929,2.9909276763625394,11.517271116248654
1.7953599440787538,2.2363144350326563,4.746543324364539,3.6834059884328707,2.9921389127587252,5.35727376167873,4.141916155404607,3.772282098443683,1.6299916427346854,9.109173995112654,2.6748647800023932,6.321630600868199,4.959569217073214,6.142802064806129,4.47048538511522,2.7262287543022956,2.7369245108313667,2.6739184100072677,4.392750121877015,3.317085516091978,2.6240653660156883,3.3243857182160785,6.556801776341946,5.208555214662757,3.6887189069137274,1.6724929274880933,7.783138735576908,2.6338983559553024,6.823449019207396
3.0407148615105273,4.1647936152938225,4.409457390977073,3.209889029324285,3.1543407651576754,4.317197373950372,4.452636447017928,5.508106051663778,4.715840422119953,4.283622450104427,2.798550359755674,5.124428404421143,5.654465746674771,3.89321387440709,2.782641979831424,2.723277513811517,3.899017172866107,4.602969157517252,2.6545166534613984,2.6923618202679975,4.069150525671464,3.1842333786937425,4.069108346120789,4.331051545562189,4.512873260251453,2.6504453653838222,2.5438356482226183,6.0879386794006045,6.289377335411143
2.637207353437582,4.719754561264958,5.263912813928292,3.3623797147148196,3.4884163307236187,4.412977949110919,3.467218842503646,4.3467841337978195,0.63297655605636,4.2724430160276725,2.4697955465889074,2.567832116435803,8.60532253003315,3.9398075024955275,4.018826441465508,5.161703595919498,2.895620839028001,2.9324925964249178,5.565818605620912,5.900903975934444,4.226552911742412,7.1454870864610704,5.990991596296539,5.6030509413043665,9.657213467832523,2.9556850503051435,4.838238960778692,2.8523418041285757,7.656077652227989
3.209901797317997,3.2264082167569517,4.323487206506559,3.747922148370517,5.654614152667513,1.88544664641687,3.0763549272607658,4.188490765820536,3.047385455568604,2.2561010914715744,2.85600147507638,5.602828135319549,5.364315182663954,3.230433480094428,3.765193077693642,3.2292983511518814,4.700362045991933,4.962447076878035,4.137193534913093,4.392398077975579,5.018327400195663,9.191530137695999,4.95546895886768,5.970504437272081,3.8531389700985272,4.84807860366758,5.758446538088219,10.612446238779764,5.606760543423369
1.668428885628202,2.978666030520928,3.5782080987561997,1.570092072454214,4.787413883100244,2.8136333649988234,4.573157129141656,5.305405710153613,6.2829598541227645,4.653236434497437,2.4605861678797836,7.432358092328859,3.801063467735532,3.34121318052876,3.877751311441416,3.567846810943098,5.723423313705504,2.300322273028289,4.85535220368457,2.246901532432427,2.8061367690712165,3.735144130705364,6.3387613958448386,6.050964028139589,5.008349829549779,6.090290811676957,10.065810612771058,5.839092803957691,5.638990946789215
5.098519984101227,3.154132020123236,4.0340152635669275,1.9140194389464324,3.6700899317482003,4.189796858335239,3.6181563113811266,4.903733560038829,1.5756934584137425,3.1519743107516396,7.643985384482711,5.21162817841411,8.78434416532535,2.5303756833833972,2.4852061403025933,3.4382277169173485,3.1263405815532486,2.600367720459388,3.226848828210168,6.0627897879954915,5.673530382337306,2.44130952819005,7.134991961435608,6.797055339349622,8.457738145987308,3.854970286031753,7.377101396549738,3.787306745859914,4.722262661105755
3.88548054070228,1.4460260304809227,3.357495587709799,2.3036719212645798,2.802977602579109,4.333151330149294,7.748063911572782,5.012466028220102,4.931929923745256,4.281592545509468,3.115996311872217,3.5392050837192164,5.126281347414661,4.855040043914957,2.8423375137128177,3.276258237163842,2.1998022058026865,3.902291642988365,3.2923063260836054,6.150400160337344,4.3442156662885205,2.2999361797555014,8.947753414682824,5.1565988200475426,4.185675404211687,4.334883412349968,4.343729450556319,6.5022252186424305,2.353269169769736
2.583643780530311,2.1460830691247197,3.3454321942787226,3.2798665489928314,3.241491212438915,5.569995393940976,3.0095242432130767,2.8864297391158433,3.74775175943617,3.2098691585453536,1.8048897798975767,6.237473203157834,5.083016913419751,2.8612000968311073,2.6020891808493127,4.315095339134031,4.488871802475788,3.7440873279360396,3.5087604012130957,6.387750225643838,5.891295980329979,4.832785416920582,5.5805157977659166,4.772781962505771,6.774854390789062,5.915015302083086,5.071399793272015,6.63302361416374,5.67275424848902
3.569394663967838,2.5163159216756217,5.159884883051321,3.0211311015667817,9.90324691418968,5.9525437197738125,4.479732696231685,3.4117985077757864,6.400839429384957,6.1483616765667755,2.3765551851582822,3.3425171557508158,5.1494048095874865,4.047011171772757,2.8101384817000494,5.881150387615711,8.44414936445077,3.8732926046024923,3.24143887786881,3.047623215665409,4.98998031329825,3.6693494322620017,5.061113164995742,3.6507804917670574,5.524756156958083,6.171497663830238,4.47285864608481,2.5949235221308173,7.627620249201908
2.3432249309890416,5.624041656969963,6.616625914498892,2.5681398651802443,3.216544660662021,10.188214913546835,3.608217305844317,4.562030155895759,4.891375484803256,7.848156085891214,4.651029050158804,3.7308854574660417,5.780456025232223,2.4378158983740574,3.477781771448111,5.34108217972745,2.8865695331265036,3.4817498411689534,4.646223395075893,4.381367936818824,4.045953091791241,4.4550332902775365,4.41145484252878,4.596815721425449,4.3777424447038955,2.510684502852077,4.1817730065441845,5.826384672658597,2.166135514621631
2.2563772183915414,2.258754085394103,5.034886002416375,3.6459085747081206,4.868944547665045,4.739124877554939,2.8764202814467525,5.433086386253147,2.9325462110598335,3.5692250719463234,3.0503891903587226,4.193890276675634,7.74711485076842,3.931955320869083,2.1842415011498555,3.2080716512426264,3.548482220439059,2.4748598599887206,4.0403721015290435,4.156298600996136,5.17476525367672,2.0132996319370466,4.284110497126106,4.547956202140061,5.177154087181698,7.4490849723677135,5.701526099460821,2.1240309911507214,5.832389413764475
3.6156988057899184,3.510820725052136,6.655694646860494,3.218076517816952,2.6891378272230604,6.750909850744227,11.897731023109722,5.5794637840035035,3.0051167813369375,2.6876139285005958,2.6837917481254823,2.816009513592187,7.422435102680062,3.573698434179824,4.232577686862559,2.023505340543016,4.153389257333582,5.128767441429382,4.136649052084503,2.66850671904865,5.345816611935133,2.697936676058824,4.096769382032371,5.1026068467208106,7.811896087701124,4.231106005847916,4.789493838032318,8.7078270874594,5.667336597303895
4.10783584251068,7.025970743742841,1.5929694474916714,2.553716385104728,2.9837324193587085,2.647018281906764,5.604861500306504,3.4778965378866884,4.344195872590729,8.01885966919023,3.0064234188385512,4.229064735375121,2.8283969029067504,4.448385078735071,5.8445012738345525,3.6546586200988043,2.7091708646505257,3.0553538934879216,6.75259725971211,4.434306914479991,5.599194758010123,2.260982739395829,4.3549525714398545,3.3026658594180005,3.4777600440723955,7.910519594310847,2.9548119297210356,9.392831642805248,2.7212626796078334
4.239206844924923,3.1165641560295048,3.1107237881650804,2.91597707525865,2.7166008457497175,4.180873905766856,6.176172768989286,6.2791524597950135,4.023233269657118,4.011245791416287,2.0974081666961526,10.557104010695367,8.125266308828166,2.409519407345859,3.8052362156741606,4.793449884227344,3.1690664979190353,3.1520813160427816,4.061096717817612,3.834280807096321,2.6657874473659975,2.9972649349020095,4.436065963986992,4.583129635084887,8.197713938216319,3.092355575733433,3.7148552836231916,2.7571553997565927,3.116440840191745
4.106025594729147,5.917083572383788,2.4381010012997018,2.127824111492484,3.2152434519062143,4.45388548453382,9.241642704348264,6.073879563063075,5.914616597164739,3.3261525756832393,2.563719754072714,5.839705513727117,4.102163050405828,4.45473131931186,3.419474540181817,2.814543760498414,2.8556617228820693,6.826338163037669,4.331360348489729,5.545933235262607,3.7252383125832247,1.9398097130345406,5.186921854383093,3.7488782002801684,2.7801233455969356,5.349395044581386,7.8731573052157815,5.144844559286188,4.27628044239579
3.4437298805820595,4.542776203622638,3.633577661462978,5.076031693086808,2.9446605756451705,4.452748551926909,3.4176602924873056,3.860686905924065,3.559792877254317,9.102353224455358,2.278378437835032,5.5139499636076,4.299743422303174,2.943946092074972,3.193288175703463,2.1301346041090183,4.052333302827733,3.217404385996397,2.987893301286179,5.889880824738954,8.645053649262763,2.55261518914297,7.430235020837658,3.644557714890967,3.516694853388652,5.264774099041586,4.40647785841823,2.521687479564455,3.821183965670837
4.385790411787199,3.3683941423570576,9.777801225361879,3.644780569880494,2.8260944729938218,3.187086587273676,4.016373265021987,7.024517759439925,5.796708890250008,4.517477018960264,3.62061654312679,4.654175163436326,7.750602750114717,3.7102160127854256,3.5611739469274735,3.9344346336022262,2.838616277678789,2.2934315549227056,5.323992244949947,4.111198477378859,2.740319023319435,4.518328014378384,4.601255750505138,6.7857972141602385,6.722935638767437,3.5836285907678773,1.4213164198245847,4.2667863352291215,7.03294083764244
5.627303385918736,4.281087742892227,4.32025677157406,5.807242521995909,3.4886647911672877,2.8827628354491623,5.947793644380101,9.321412554374254,4.94050847017552,4.337622080169276,2.835456111285322,3.0788293522956747,7.027548928230159,1.57964372588833,3.0768058900794104,3.3104362242441323,5.54791806785292,2.3778876460367697,7.071827684699819,2.5238337197587497,4.092576811913132,1.9274300882924533,9.739266383648967,4.547237070274619,2.96340348478271,5.1156367791968815,4.76483147464407,7.55341968904613,5.60625768800643
3.4571849633083453,3.2825214145151946,3.3827254546753873,2.0729305459291,3.3628921962374867,3.0778373512092334,7.113829748185575,4.631367279577232,2.948648636894636,3.067323740567283,4.606174060807074,3.6130919410806652,3.730750941867734,2.019448323526185,6.132660407170807,3.632921479145977,2.467991787625597,2.700313317186035,5.305893662490826,4.7569553030998835,5.255689265635034,2.9757210549386426,5.692540146498932,2.02796414558778,3.2057037976644494,2.8103512911066035,2.6161120241490274,5.2404752804475665,5.461291342762784
3.547450138904586,4.488883269087552,4.86635657943962,4.64452876845329,4.371667006385368,3.2581268454746777,4.778700289719533,4.423838407254045,4.44859031564298,8.10436105172229,3.04668687512765,3.396552471954905,6.1431752152888786,3.0562517124547703,4.211645620412695,2.193570555429331,2.5274715282335563,3.708211956447929,5.836626626542144,6.5079326705658245,2.340703139710064,3.928872196491651,5.065181495638838,4.820948691609997,3.30731114849515,3.148992467324787,4.75613952814347,4.289746580785478,4.6692277990624245
6.7719851936616156,2.6416518706685665,3.742016643197548,1.8405131316858006,3.2251717288847113,1.9198778640529859,5.3735611387975,6.085548877207458,0.6521563867091869,10.163191338719137,3.3520705144237333,4.006131156389881,6.307446130367648,3.330100064808614,3.8197408157181965,4.554773496008769,2.5052666034468123,2.8095325695535713,7.686480795395488,7.18426513458232,4.2325491076402635,1.6622704807258146,5.2732785343897595,5.426467941180953,5.948421817509823,4.50600611722046,3.226941936796285,7.646244373456381,4.993196972084786
5.205999190802987,3.1762509417218783,3.832089186960937,2.7666954784055267,4.089462292558912,1.7006164308999854,2.367407918270018,4.32935009208834,4.6737401445693125,4.038086449438931,6.628918065029066,5.236288084121141,7.584758333920824,3.1270005803146823,3.1241473449640202,2.787367262195047,5.604162552647104,3.9253993326854313,2.5870422591333506,6.43659804930795,3.1496074104142755,3.57158945447208,4.845182759125898,6.385366538807309,3.741147527504276,2.8152918521673054,7.697217147073904,6.002619207969179,7.433228300104442
3.7920710597260636,8.112355234059372,5.349492441003205,3.661648572593525,2.7018667509254746,3.5566131925146887,3.8494568633062056,6.9868055133391715,2.2109030414974673,5.223224102132761,1.9181233918121032,2.111639158166173,6.228121675459232,4.089161637980101,3.8317878426752037,2.0729634138527553,2.0769174304100364,2.196198355697615,4.833049625620987,4.108321888773694,4.858817045405113,2.019824146269825,5.736153596848984,9.873302034013722,3.040316121424167,5.688046201774817,3.9608619428161376,3.2056625306809274,2.8867118043905915
5.539076235080517,7.116229574295933,6.39607871830119,2.530575008437773,5.018820550707418,2.3948743562357437,4.099976172603075,3.7518627031046696,6.230009277585511,2.004699030726439,2.8653927533625434,3.5372777243000906,8.436101913937275,3.659545993924536,3.2829588616386247,4.530687354148836,3.1621238558780758,3.318235952319875,4.4424575823457655,6.433839851862376,2.506682160461786,4.2042288247828274,4.675758050265735,3.7094905352025673,9.327964437640077,4.460800724101495,4.3897360622157375,4.471787475100822,6.583387403787226
3.4232282592047616,2.802523804090631,6.2071136101222555,3.588563126956707,3.9286100001178337,2.626995012686796,4.760446319818242,6.1115587689402355,5.641656403895893,5.080685705336105,4.659578190281424,2.025643415568978,3.9305706079242313,3.6571715898366666,1.950972787572321,4.627898491545477,3.5373021693046525,2.9686969994069026,3.2475068478320215,5.460244361959006,3.505710125905747,1.6885772740723162,3.86531665249912,3.9330029468809538,5.402721291824009,3.8699593642661574,8.19061775191451,4.7852006050902,3.7125800320048605
3.825278092408878,2.1359076834801987,7.119778251403437,2.8241208101103594,5.768843973105059,3.7556757708057456,3.6759954651510887,3.9292025200222307,2.6826804037446945,5.051528779027719,3.334413081877892,4.228561095873967,4.733110585598865,4.05454322443498,3.9569841948647024,5.1367493050982125,5.159391290832723,3.4503900215687087,4.091541391454773,4.652607356266344,3.501073914887866,3.3825767506104083,8.161875847051656,7.204720745292888,1.6637970477769395,2.921055095687806,3.946020657636395,4.57104955587997,8.106080064676982
3.3880414920002973,7.097649084451717,5.445182349387572,2.8875530448079028,3.2392910024146593,3.5516302207665786,3.6769542996493607,4.403184766287716,5.093423720354726,3.1528172439402207,1.966577903329824,3.3359913555913474,2.1043023306639665,4.612494104646781,2.7890849003200167,2.981147384458244,6.73841286440829,1.911066058105885,4.487869551731502,4.874824899205558,3.8996677230429295,3.9867398086465142,5.170289107567433,4.955589597236624,3.038344279749893,3.9604887955090606,5.3873655544706835,4.197417580880099,8.248170069539409
3.3995839384931434,2.5742211314764067,2.7043491517250957,1.2447308661362786,4.767731060706306,3.1934334456484157,4.868199979290267,3.1739278103201163,3.806098844639238,3.849369760568149,3.158526807165353,7.459164940446909,4.594959129736545,3.7835831393970967,3.734512124597087,3.4212865633878815,2.0538271534840513,4.980293594881929,4.206509746327169,3.570724031683898,11.519602023636342,3.301056567986075,6.5656470392612745,5.8007588744812955,7.66131090599111,3.5079655627001185,5.095909694714359,8.981485039736636,5.426015773809961
2.5998451841006753,2.11496194015347,1.7500290496130702,3.0276254763807495,4.099288377802207,4.005435352943645,4.542254368889567,7.117103048208111,6.291044343271742,2.8574971637677358,2.1432373281349864,4.655592558759768,3.9088028612905967,3.2507698427169904,3.396753748300827,2.716657508475369,5.9098761215241,3.8468535602587575,6.191821591021982,6.843994938651206,10.453472710576385,3.8418111172932634,10.653562654395767,2.8952218708157065,3.8653999741981706,4.658120432622048,4.41483362004383,2.4343692833503385,7.240788825568792
4.522787218946375,2.455979139150598,3.3985857023152084,2.1952977325781613,10.498934443177077,2.601471625291894,4.1236061538415525,7.843782804565274,1.8812904317383452,2.3050888399622624,4.633593016048239,3.1486241156587496,4.570774631601726,5.035430288280293,3.4589495693018675,3.956834589325872,2.6572997677349735,5.0432294941353435,6.77289657818187,2.4935645801597657,5.614343108399781,2.2995410905549125,4.625652524633616,3.887884914899407,4.59914648179874,4.138859841921084,4.968777085664289,4.026888829962963,3.928068340627114
5.32052718166913,2.7185471560904806,3.068743547632953,1.415091734851704,3.8858915713488997,3.4123759992901355,5.118893933720499,2.6867618076047077,4.0567544534540385,6.842528899090917,2.9933281795228015,6.110295550790553,4.509996055378188,2.917722717220376,3.043531951082348,4.439692941963914,4.537080630504491,5.606750793678908,2.4451015922949195,4.004291174622867,1.0943171606635482,4.178035096615253,7.486017522058744,2.1178101107317007,8.176425882698943,1.6377756511487218,3.3039062476096155,3.9653582100737155,5.407838620517609
4.663254965814038,2.8189853827673903,3.7229896412944266,3.7372656788873155,4.543778867572231,3.568516937138108,6.563497553521497,4.471448616596884,2.804342875069959,2.888904237416567,3.950812462924981,4.084221966307797,2.911567361864308,4.567052329870424,6.114523805566617,2.6134977034935627,4.743277507740483,3.741478174064032,6.526707248881815,3.628169722233176,6.678572771351935,8.893435530215966,4.879008164479956,5.107068066487338,5.604039143429126,2.1525592681304633,2.8939422135450354,3.253515797837803,8.406791299758936
3.2002800410220016,1.8346319334356536,3.588606668489835,1.6964497797789058,2.8231014830695025,3.2873940600514735,4.473650787664767,7.6913444321020386,3.562246384231051,5.020780145134917,1.9096232678041438,4.589850321104148,4.1580551440701115,3.2850518301601217,2.7678417812030043,1.6063847722279698,3.053026166033086,2.364758263983692,9.49805792059341,2.9361143072939235,6.565077017951658,2.8560994939469357,6.075415792547523,5.444747038278141,5.82686390975862,3.9679527299087223,5.195359061253602,9.196883737725951,5.438869739913259
6.22758634698864,1.9562450669973162,3.8168396234327755,2.248729174206713,4.586236434786565,2.9379628810232594,5.939060841107265,9.783891837957928,4.582690683433169,4.711213201038328,4.8610385635956135,4.287788470838953,4.331361433325723,4.8545800116498,4.070713409920366,5.131541714903833,2.449825972505605,6.952903234027736,3.601594908991507,4.049152085467274,8.088883399603075,5.210873086401622,5.034502313734202,9.813745021214162,3.690254716130803,3.9249089159850006,4.536251859206782,4.958521809776684,5.830440006056653
4.091724064663926,4.673755566187899,3.1078936247900812,2.892797761427986,3.5281055874210963,4.810570536687153,6.055281941900644,1.541219478025944,3.4061238937625613,6.090517314553989,4.892831491472462,3.035801346377266,7.4511125959070625,3.153596050845586,3.9099337878519416,2.6172209174187127,5.842502747448844,2.4324456705655746,2.9968346334236755,2.9307563414766866,4.58369039270316,2.4168913970216943,3.4750445015422358,5.521883113502646,7.859415117378132,3.782671664437718,5.372199190448114,3.115903238908607,3.9195802089552227
3.7951529711436804,2.9070813927836974,3.746301939177366,2.580122392745445,4.320642854321459,3.6983057927441254,4.34612788611575,6.070034219237176,4.755591078868087,2.417549061110792,2.573204833875104,3.586254795635077,3.6562126553331287,7.918422763998381,3.22565924975336,2.187674338230494,6.300945496745655,2.3355229779108346,2.7655368814507955,4.2265227399545715,3.815715307269929,3.4184574782301667,5.117975835518073,5.929888957749501,4.230415374185532,3.1384785871906695,4.846486597468737,3.6424326193634626,2.3627874904188295
4.451088768699669,2.137640124926216,5.1243626351489375,3.7913307777433576,3.138030714760953,4.646389290475837,7.371288425035476,11.389128220281309,2.7381859362832714,2.425411644463029,3.8677131293169396,4.475685418823925,8.425747808377203,3.65335861873846,3.2296975032402258,1.8969832120678152,3.5025818231190087,2.3422480060637643,3.9175064713131738,3.844683080837869,7.7548385428410915,4.278057293322777,4.809372295113541,3.6050724222036243,5.3531737328838505,4.506979655286354,5.256421830942314,4.768252271085489,5.088714603854152
4.395251689085032,4.472236254329487,5.207069316361357,3.1322329799786752,2.8832921570904313,3.403314992713602,4.851705165502729,4.635008776857764,2.0174616517932233,8.210393028966264,3.4432296767346284,3.750574169093248,6.157131499658464,4.266629357845496,3.020691760293757,1.7942387218762703,3.924781435442231,3.375898562107057,4.170439921825458,4.490565148126652,6.292158905566389,3.4497359595012647,9.627522089204831,3.8116942418961886,4.493737532578963,2.5521430775545917,7.528686262228658,5.898851467993667,4.4754743654860825
4.085878511642767,2.8411235270792816,4.8815080014535175,5.036908810026823,3.2842053490739405,3.2676416403062696,3.9720952681048085,8.008240217326213,1.7933382205647121,3.791261883390328,2.8531352440435436,4.265265762122488,6.389760970833194,3.240647707802725,3.416817127106938,2.645030241871237,3.3031648311425403,6.331034930554907,4.644406722578177,4.044477702804274,4.900295585632787,6.711125639295382,6.594025775709508,3.8390861539643977,2.803965333640452,5.191226803974426,6.180987702138644,8.421596475497328,6.083532368589222
3.1160111193538222,4.814004275362898,3.835297146795319,1.8782381481899675,2.973913140943513,4.323358843848154,3.6321261040186177,2.3244117735476193,2.232182300971316,4.549848844209226,4.250700834111018,2.799073454072794,3.6579130112907148,3.6556404222375964,4.288410138664074,1.7522408792962414,2.9570960164557607,3.4498871504233564,9.090247268095442,6.577323265749362,4.077997128128453,3.0321143980024656,5.779887646636901,4.998492594800124,6.8690255294076765,3.374774417807628,6.638641542314411,4.236173719357118,7.1964322754582986
3.888853588568918,1.994180020384879,2.7866592167135087,4.57917118068239,4.714320799866083,2.7155896631017207,3.1073914366423514,4.627467418431002,2.173603446305223,4.614826339722074,3.346408099944514,1.5382343568177486,2.240517866242148,2.947202261490493,6.233117604411338,3.074501898834664,2.1246908428067965,3.170548153395357,3.71983801326441,2.048047654536352,1.9260484103422362,4.258589956343135,2.509839689261419,5.5698174873226005,8.275043264653059,5.154715677655405,4.154098685180537,4.740782517173664,9.6743648886171
4.67643800501577,2.15416003633825,3.3254552453596506,3.867508549468158,4.095754982860004,5.406895024181143,6.737543080268166,3.2586136614579577,3.8204827216797375,2.6383464812261033,2.147745469103782,3.4521998551844693,5.143899445377132,2.047377435478062,3.0072306452957536,4.107678150553437,4.990009128797964,4.4085200036006595,3.0031152013626374,5.468672080842501,3.937256495255277,3.166985043716065,4.251274602166109,5.637698973274766,3.4787412617761406,2.6845716345636483,4.761328594176906,4.021281405860166,1.927354638392399
4.450204852120778,3.591526445809203,3.2476709843415543,1.6924358449651986,4.091650194166308,3.851543434038231,4.121322254479063,3.5746383617138964,2.7226079702623944,3.406132291435146,2.9806182404237416,4.235387798378333,3.204568455328243,4.576230755008444,2.179596041344907,3.8999726968096704,2.4750273819542166,5.318750541493186,5.251488208575704,4.2047443495260985,2.929242440744482,6.820540157719317,4.563899420751283,3.199788366936789,5.90176051893099,5.951171412485051,9.11671828565856,10.06041332102468,4.219767554983073
2.9929511079342537,2.531231733659083,4.705699997662903,2.696271840965116,2.6812015369237376,2.7363512494754536,4.7692331579370455,7.226274516221717,8.473978243804257,4.0582978873346,2.3772052039357083,0.8506416972078803,4.226394928102031,3.167273570510703,2.5905780737561073,2.6632683801829455,6.492716017284816,4.288589260579905,3.3293230783062686,4.724599340305309,3.9165886480074366,2.7327982080159225,4.323917684064088,2.064679147963562,6.017757155184051,4.690729068952241,4.939941198195333,4.693313682618054,2.516728050150345
6.02937873356137,1.359293496687384,3.099084745964918,5.446648124079401,4.931960904491069,3.044248708638693,3.29569502786435,6.040240256387349,4.074563176112973,5.446298279792926,2.6051943979549805,3.157824734183212,4.900141545229346,3.1721518705090315,3.0659740083854263,4.452879590465845,1.7940499757344845,3.505890829793361,6.060538973997575,4.076278860549189,6.026949570960008,2.1512785103303727,5.345125477517019,3.2052135305726885,3.7165736262281,4.6583154413402585,3.768158408994772,4.318364848470235,4.297317118313967
2.774445182397149,2.4447526581484507,5.023044419319177,2.2596783907646425,3.128502385646661,3.183979255521628,6.163464008299772,6.035077366395267,3.3224165194040243,5.800496221304256,5.426960122762828,4.2368370669670545,5.729064515174006,3.9064727105246426,2.725568711054289,2.9607020451024386,2.924724676511992,3.6417958768707295,2.1013431025528924,2.989658331677363,5.048744689713464,3.338739096733108,8.016525176875783,6.642313094327959,2.1320074483560845,2.299621336459262,3.2583121969742015,4.569430435250896,7.354242775384241
4.754794638904479,6.258767733340269,4.056529251879571,3.4326414004023573,2.779031478650885,3.085182626362922,2.9629773024840302,8.027457597434735,5.858632378254354,2.8132308160092903,4.791090317282473,3.64797004063142,9.653781972976537,9.895695550318347,2.745835794449781,3.38052982635354,5.432069312630426,3.2420307189483992,3.019155798217229,4.72592336241736,4.914860469110008,3.153057493164289,7.03302075326574,6.88217437840261,3.4224512301730248,3.8188544156912885,6.185799469870062,7.163625949961696,6.358430249151797
5.1367596860168545,3.567928579316379,1.1960998742341589,3.9296406245511477,7.00441862640408,3.9647979382165293,3.0966663023425554,3.4953979019122765,8.709115595166839,2.7988431039757096,5.012531768892091,4.064480547677655,5.031918354664778,2.7301746642053573,6.783883635769638,3.248265156048286,3.345558261682552,10.165218806631927,5.139228632188162,7.087983102740463,4.210032922229885,3.1793743079002326,7.350161441276103,5.040766426760579,3.1602169244811926,2.403839754191125,4.382552910563964,4.433307163285244,4.997455416805729
3.073939610032494,2.856787780978216,9.588629618024806,1.8646499105971672,2.43185276689991,3.9274282134181364,4.24321091828111,2.813194721298758,2.8970067286269665,3.1389656432332274,3.9768723652782723,4.365512337718832,4.5903783065905905,5.7881273886721765,4.5763507331958175,3.8265896796622574,2.764468423710591,2.810204239975472,5.233038926997959,1.988335370283524,2.640364651368126,1.917366712404793,5.518095927617025,5.8863489927735335,3.4693335193920576,2.2072548022461187,4.749983192040843,4.053953939921914,3.023080949378945
4.7928082797042295,2.561602441408347,7.480522887131498,2.7178586383346333,8.478982795206118,4.4356337330553295,7.320532826370107,4.998065138496051,2.7169990544879234,5.653748393631818,4.310287381326845,2.3280516746450712,7.212304750672505,3.5117788776967505,3.5027230571248804,4.909033462701147,2.3371660810410613,4.185232637634763,3.51381862404604,9.748009703477003,3.1270597065913353,4.3720521513626815,3.3986468658226583,7.477357148036544,5.496696579161653,4.791485287957514,9.333950021402538,8.468782175861815,4.054321087485965
1.9200298789561339,5.763372928448561,5.528721790956062,2.115001822884588,3.0177323978854957,3.3949823484455908,3.1005541657991964,3.510524923296327,4.652893315663695,3.2235638092960572,1.9747891358234206,5.931626872334949,9.160277869585165,4.585922306147482,3.888888131000407,4.065948547774513,2.4035349371382115,4.062304205109533,8.723422850569497,3.5635149776826873,2.8460668361215093,5.400226107913496,5.407928273324743,2.224053257499612,5.850527259972147,3.725499324212521,4.620970370805,5.37319588710895,4.260155971097943
6.59692529212854,2.430367728893106,4.838746173480781,3.210689023502225,3.356515206745281,8.477887015114325,4.538560706457645,5.700059161942864,2.2279345493059033,1.939384993627389,5.3938248190522735,4.073984232867131,8.855944976103373,5.193803372573582,3.668785909161045,4.0757357636427916,2.7146537060020273,1.3321830650095734,3.777920153786047,4.735478252015247,2.2127717300350445,2.7010107708779683,6.926975821221404,7.924737591375902,1.9978243936297366,5.860582004309837,5.368246022248265,3.2839711300288092,5.48129496630081
2.2576359364282266,8.938184305164445,5.301060612586185,3.639859745181817,2.5728504642208128,3.755840673556886,5.50737633016055,4.994411587996197,4.313729066625722,5.306329048702102,7.192880604939273,7.674729129698136,6.057078473391353,2.891661470164237,2.443346255173656,4.690558384443857,4.683665454220473,3.464411308008217,2.6237278214431012,4.516246330974575,2.830620570099747,4.146920216221343,7.05421071450181,3.7612095666743053,3.271369015230582,4.821444251728465,6.4654712169228565,3.5068496080958402,4.225344348114969
3.284763928770086,2.3279050823965237,4.174313526527238,3.1339841423690373,2.4812210075363894,2.992353429659889,2.159965484578134,4.871344946334423,5.624111179392973,3.424811698156524,4.293864287978901,3.181298347480276,3.5743487032238552,3.073862746493997,2.9300247819927416,3.9004935802895533,3.0326938151269536,2.9413046613764418,4.520647816062222,4.025640814816172,8.329272273585444,3.7875528226548965,7.020833824806448,5.161074775551029,9.707382303646943,3.561170376577861,8.171102704251373,5.310064306047268,6.219397503542718
6.737646085540654,4.445295866651132,4.204840676379665,1.3380638343025546,4.851326871029222,2.7593881887645235,3.7569983135730163,4.1457322613984005,7.271554296996583,6.366269670003708,3.882422015278405,8.187025204226794,7.770108185013917,3.582541112938012,4.132104770356077,3.9866595899887884,3.5065353314141148,3.1678926965761462,5.686416730997368,2.675693690648047,3.641964297647367,3.9555604985707173,4.3729623985979496,3.9492704252229682,3.6035508052071363,8.717315998417106,2.4305168576330867,7.955712865396609,4.583831962630644
4.334137556510605,3.670950868725216,2.6935262130976696,3.1424709353561013,2.4822737801175863,3.0655375980568964,5.227085666981641,9.566578650784932,4.948785445558316,4.1212470401492,3.1997616414482537,3.3863827667035644,3.835628941199278,3.433254454132003,3.6624993675609874,3.514847913250636,2.4726669349681427,5.330204845898431,4.712301986282372,3.607992255111715,7.045572690672428,2.7887573002970125,8.383408973492358,8.701357612597606,6.09190306024835,3.9776426926705355,5.336918141215682,7.952487222853403,1.536852215078519
3.988827873347165,2.655065500845642,7.301055114962946,3.0384309126405546,3.4782057528955717,3.3774936729709877,7.042444155705857,4.112964087393582,3.4946677066297096,4.098022020565261,2.9923461844798336,3.8046347893196804,4.409263813045299,3.807127649928237,1.7954746788719091,3.3048231470517337,3.48628503955665,4.012869506548654,3.8820348221557786,4.84067664308094,8.003508676670185,3.0073367147886465,3.5419504863599713,4.287974445366884,6.222136624519435,3.454765862275847,6.07658612157573,4.032794024732303,4.643246927465476
2.412629381387179,4.560694976236431,4.704209951306484,2.382785843366812,2.7767923256890663,3.150186628323899,4.514183721589439,5.389538839388085,4.385613393437399,4.784312067097283,3.21416630384304,2.4987574214706836,4.472571609544244,4.535191460990114,3.044673192518898,8.50995665437571,6.819852193439724,5.554521949537055,6.647203302186392,7.697305732457469,6.057250864427378,4.019078678399549,4.326919401887318,5.641157918555764,4.054841564568077,5.3094594306295555,4.783648493392976,2.281132270443524,3.7680706309117444
3.2817569602671455,2.5392037836061796,5.573581009440578,4.314015690620782,3.3675926391739712,4.664738789087789,3.6298241149735047,9.467730970557161,6.865056028566127,1.6172598498282087,1.7600489469114446,6.0275375241871725,5.4613704226738715,3.4077864773432793,1.8887609702989745,1.7016915187688548,4.928820696121617,3.7227295639987066,4.181711705423896,6.807487590105112,4.331134467947818,2.9500345516678737,2.82756588393461,5.681427023760713,7.031659340837318,6.586969526001062,1.7429302357440184,7.0214751710687064,3.6783821589148293
3.398282385325145,4.591494802397634,4.610544749758825,3.7719324059016914,3.8727374699622854,3.1731602821056506,9.411276855566854,4.233868197853801,4.699858317503444,,4.186400126049554,4.736509424980343,5.205915668743142,3.3181443598252716,2.953739155084544,4.504569788395969,2.4328704479664545,4.307280973973489,2.298475690544029,1.5844568757063282,3.725634291977663,4.16098477940544,6.614082457825316,10.611299966179187,5.314957849355647,4.283986445511928,3.5688429522277914,5.994170356775751,5.924966485226076
4.95227892485397,2.138392220286725,4.428824648249846,1.9105852869024242,2.9694317071303606,2.8827724213149524,4.3335013444315384,2.938360391799929,3.84250347628801,7.363642071264626,3.933157623274447,2.565763755033375,4.564654459569115,3.8395879675314415,2.136903682606399,7.820030969710343,3.200253925685528,2.433364091333914,3.6059082472670063,4.850861952293675,4.194160562151564,4.837609139559272,3.0645826126942612,4.3643707849650095,5.701309265089041,3.6646801998472407,5.113796862018915,5.463361884606588,4.215756655129801
5.81241176190602,5.802043003523343,6.365067959756759,3.2939963463630897,2.775439051516903,3.453820427350422,5.36368579133821,3.8938354677060043,3.3033251827347216,3.9377022866237055,2.9888902086048086,3.8677958683785425,7.942353693024901,2.6101643658945575,2.5802872508035577,3.6035231479854777,1.4685418050537913,2.5377888872805183,5.929094462193407,3.1196081043331114,4.19311094074396,2.7015634975354637,9.008262020021764,11.794308540574542,2.077108190306206,2.9902682738795945,4.946448143740181,2.6288768975899375,4.682682699066945
3.2096129925600962,3.4102209791607496,2.1465457068915073,2.6466663692461103,1.2962230326902724,2.3783490394596263,5.624911842450656,5.28829857451377,5.773086039378185,4.162446922468731,3.1276483461336255,3.216705988031169,6.193480687043127,3.8792624278452603,4.7013174787308705,2.4664260593898493,3.6071571267404474,2.744422058265035,4.100051282459617,4.757966857588889,3.396497309723733,2.426340909180652,4.948140423501008,4.738320595572038,6.842499108641998,3.6951299532457447,3.5803761559783474,9.033747969412916,8.025471342057156
3.0693856867210303,2.9905320650042992,5.27139702929817,1.4486853646198625,5.302660387048644,4.182577355512937,4.734284988865573,7.666291568245603,3.8911972702821074,6.372169916568029,3.543550157635835,4.184190674688625,3.8087173398723566,2.3475664510553265,5.572693174159315,3.8012503950199816,4.242249166626393,3.6352291680391895,3.154606659484131,5.876608823769171,4.689487108989125,3.5998475805949357,4.062719628017987,6.451346284768716,5.538308862010062,6.667538525590994,4.651810864540333,3.8256016800360313,3.2247701898082237
2.6942633377569396,5.501214244868466,1.764688790932527,2.0470465701319465,3.467746587675493,4.125443967846318,7.811894932465306,2.5802098059898317,4.7214820245558755,3.6891548940614576,2.537374491193801,2.207376262490233,8.960933185294623,2.3335392108045254,3.895976108740432,3.447320946607589,5.366434550470831,3.7972343411744576,4.82615936238364,5.743183989398659,5.9414635837516006,3.5913930421431535,4.526493786448706,4.498502939098175,5.213037809600875,3.303704323222615,3.9756297164752055,5.482950607559543,8.420171713643882
1.8149100562059057,2.6851515642960075,6.37501523752687,3.0354916818221476,2.651064768103388,3.9840340095001348,5.76006616474643,3.419908089556312,11.63592753768981,5.971872549750175,2.915640225875669,2.412865559721263,3.213331541926987,3.7192048172164354,3.8578731756097224,4.670108606115172,3.046236029514681,4.197008926078227,5.155484434256555,2.4057553154336047,5.649445928391233,4.78413991251766,4.331223903863404,7.547514996461202,3.1012989478174013,4.010168673679491,4.132885869883485,3.6308918490695588,3.8401082443523817
3.6614872162845638,1.0893758314325697,3.119701353286644,3.4488886068268645,3.7276371225604645,3.8898750441466623,4.318857681451944,4.177142661608918,4.577492424993094,5.6928077357826075,3.818016170983312,4.702766966197114,6.14154926342476,2.975108083617483,2.3672752213646313,4.6117980122118345,2.8657006875765085,4.282039327304883,8.943651609164409,6.496906387764474,9.053372068580329,7.057135144250898,5.237079558456556,4.504627857167688,2.5209345396813,3.797362530839839,3.4771717289399167,4.622230315924341,5.210162841402096
3.580641072784367,5.729335610336313,5.9253647947693855,3.999177894033797,3.0595119865433174,4.997022806275141,2.567741617897235,3.795859617063092,3.8057128392822483,3.1382375334670263,3.15665711319532,7.457723500307156,5.6873190050285425,2.798351372795394,3.058129844183322,5.31430167543773,2.9782574116536855,3.8963037042994935,4.059412129456818,4.055973712832438,4.156197875437558,4.503456011304228,5.33749474107164,7.555147578387276,5.226912683434444,3.5730167830645376,3.821956431808412,5.184572973863731,3.9998546892470346
5.11840695000704,4.216149729888451,4.040865509859302,1.7806888143985562,3.36948131102692,2.5617291207533377,3.7421376343627593,3.936892884538677,2.6674623283093277,4.381226587231702,2.9991057552247886,4.032108360586766,6.2293768285451145,3.895599673354754,3.420243387760675,4.2586301795094315,4.707020833415673,3.5506494323309146,7.07200641503836,3.173875742601677,6.4129548200990465,2.17823018229834,6.975952504417845,3.8137283998841536,5.3127883080370255,2.218704493562904,2.0215613744753034,2.3443528675634653,7.52763732122771
10.55687833350534,3.187855072265974,4.179244413418937,1.6569713823420116,3.147250140829089,4.586146929270086,5.0601726696577725,4.1970867499935585,3.052630022096784,5.311419747748179,2.421029738998071,1.6405666220688855,2.9751730948747857,3.4151377736210202,4.269930912801752,2.169437983414982,2.7759037925158454,1.970171777713635,7.4581481897912765,7.268837425697994,7.751189231381738,3.4343096662486094,4.195580943494648,8.009066891129768,6.542000043375099,3.394875023902175,3.9843444790544544,3.9870758091722824,7.312768109293321
3.858912919085392,3.834476962964629,4.559707167274145,2.1461079046928218,1.9471504959438968,2.203567063617579,3.2242493142263124,4.174927417824262,3.51376314615338,4.2497837729014085,2.501368834933525,3.682252047610006,3.5620871775614753,9.347304123777443,2.1732633871833698,0.7739099972134621,5.262818834567967,2.913812810532444,3.4884567687235033,3.2693141981901577,5.254341431641053,2.966676306305069,4.073912836070023,2.1027997803359417,8.012763022050091,4.737262138551343,3.113045959457075,2.2416127315465673,3.6281890950582327
3.3425923544041005,2.7847704644790943,5.3569395433887355,3.072734562843409,6.012265386615499,3.0811774602988184,4.452185950659273,4.052678840690349,3.9921859561028725,5.6249685217024235,4.065282403581923,7.324915095072037,6.789287982760536,5.339864822153247,3.757850576592315,4.388837783693222,2.624489099796333,2.2278314784941244,1.8685064808629317,3.1111518923922303,6.398548258224729,2.9375038151718136,3.883561024201638,4.334202338643187,5.844695626879108,4.520795333633482,2.6084092262853513,2.796348642403647,4.263917788778629
5.254338181504671,6.658150561402173,2.3356392895458695,2.895440609295205,3.7636060221353516,2.349550296801746,5.292972154593753,4.542449489978856,3.939054265482737,6.846198963937631,2.6414273968994593,7.248200652696089,4.0451655134888425,2.2227069447400547,3.255466623677324,2.675837246177078,3.8128767031585626,3.199056814110624,4.044577304722096,6.308336018023004,2.316418483211257,3.945090994898362,4.637361980926745,3.0937727298366298,6.588047723152983,6.066672061346557,1.7883830574850477,4.92109775178625,13.771505705577141
2.6868148081625587,1.0682406548114844,4.730930914937405,3.1137791316764507,3.2828937751131813,2.998247065399625,3.091301266425062,4.226666807761901,4.93418398581813,2.217487585059767,4.748566930912117,2.2390099536627504,6.210277405336103,6.047036327256039,3.422168626705705,2.5978899868608063,3.414749378709041,3.970552362781206,4.912587792023029,8.959824514476992,2.5036374775134616,4.414523274293602,4.020763669432749,5.290360360014873,6.054730676739848,5.223555816893589,5.00532815881912,8.233468283698707,8.28271078101873
3.7367122332381038,3.8986599248432543,3.525497656154371,2.313817936188315,2.0673305364627423,4.49341112264271,3.7793387150789517,3.8734855813531994,1.9345576590084936,4.041950151513504,4.126408499654841,3.296318684456411,4.972101215060358,3.435453230900688,3.574815155670964,4.100306182810009,3.5074341975133607,2.877031326658139,3.1987487142151907,4.58607859116751,4.4466018600769,4.477259388202655,5.835808042533935,3.49433843297104,4.929370844809063,4.302372006258294,6.324747641992437,3.3994513411127065,5.462879269146255
2.7742357236974295,2.4426629863977767,3.9354411417376958,2.6319923093309168,3.9584967631881685,3.6353744620210007,8.869607998774612,4.751785323735747,5.0362351990351755,6.0778323976587965,5.19034134605505,4.1137849772549435,5.104097696249365,2.8456821490650794,4.2280519123542595,2.5760043869731533,4.438817321564367,4.6605260635356345,5.782756032343978,3.4746051596353458,5.341254645599501,3.4490051858086264,4.147028905964215,4.301980661885811,8.383469284344745,2.27696049996806,4.175814402041637,4.7818106412073345,1.6211964917513615
3.2022547592969417,7.506511991881329,4.270374914859415,2.3095259169125852,3.1261685508861015,3.222939752781603,4.056292764021541,4.426747472892641,4.69012798151545,3.7311232200856077,2.5196724829598627,2.2569495725138826,6.220977890529767,4.058305622330001,3.5235519766970964,2.5846503696340406,5.602023520470535,4.137694695339101,8.067648288493901,3.2152888320208244,6.485924265973065,3.9216135364915603,5.245126506304239,3.60395105332425,4.18093924566135,3.965326691114229,4.330375800081351,4.491002808114741,6.192547691013414
1.7972488966450177,2.119084036054971,3.180261164638101,2.595289142661634,7.714900820526054,3.4354280331264713,4.2160035512810135,7.079343989333871,6.600986868099809,2.808813719302567,2.4690253858242905,13.95469192063499,3.8667524990745985,4.947978521706268,2.625686589237314,3.140357858178997,5.161046039960267,3.784221283915355,6.282971635206453,2.788833466874309,2.988506428551378,4.4373677179188595,4.684652025149307,4.901565191556753,4.937290485113744,2.7261563181286954,5.03024122947744,6.006024508360261,7.100177784844308
6.0374987842770995,2.4937499340228313,7.373796698996867,2.0380950370326203,2.0903460018026956,5.006014848874578,3.546585140511185,6.594192284277154,5.150969172206925,3.1189406138507096,1.4690776081367019,5.9984421511419095,8.840544686874491,3.628292199736097,2.950659849902162,1.735750713328484,4.960099119712565,2.639246524141726,5.0359595466731895,2.982698929129078,3.424193679354431,3.4930134734834795,4.284936396085376,3.755740237381364,3.2817833549227773,3.7355689347690353,11.01532599728879,9.92085407765825,2.978534155783981
3.1649386100182424,2.22371743817465,2.632956787653087,5.10157466765398,1.9122375790773587,4.0906985315122135,6.659838635180837,3.770534755764186,3.9045006045973025,5.5946571722051415,2.600075836746166,3.527066999870429,3.8988928077531373,3.3876455123108604,2.32768242040614,4.420151767899237,2.9049815870851154,7.3874561881409,4.760088007294154,4.2038106885588284,3.379346694843409,7.924830459277,4.589281444444361,4.62130389215808,2.824016259401011,4.206973121861505,4.2897072839016905,5.272251129066799,8.414375683001055
4.797395306185355,3.6780480765282104,4.715478470511243,3.97493623935281,3.383884107513474,2.197801211262264,3.1660668070086935,2.581933489251914,5.0354248496342375,3.3176373399733015,5.190425984738549,2.397969352188668,4.326457428523348,3.926009327089402,2.7857609485200197,3.2752852315317487,3.934041316437674,1.875754800878412,4.231389365033534,3.7469542864039798,4.400778247365508,3.7278760179572283,5.109888717810062,5.020657395901421,1.867442044976174,2.8640494390968074,9.951859457479495,2.9053573013121925,5.286540550698444
3.671338129078133,2.5337976050237465,2.6668194682022404,5.545220182011789,4.3273724476748345,2.055310276633611,5.140379894158082,5.410138090757167,4.808692637714463,5.267435464419683,2.9311524326677016,2.6566548975700783,5.402444922688873,5.296362869385257,2.5960547787934107,7.463023161139562,5.686586810214686,3.4129823946553812,2.9174575365059923,6.177246271493626,4.270032547522497,6.2512381883982595,3.952739982276749,4.47822523501373,2.644272029328136,1.8890233247190018,4.780426853599859,11.164956044037888,3.34606558689865
2.2722323608317363,5.1164116828066994,2.6495851224421156,7.1335628775689415,4.596058243003754,2.2484206744153212,7.667495423375033,5.914485030154584,3.3347849710096726,1.87593952646198,3.168325349510371,3.4450694526592356,4.535691797925695,2.6953293167764016,3.2380879185529112,3.118918365094138,5.46221328590912,3.640598652851344,4.908015152702695,5.085189479370002,6.174794638963998,3.0865228373666316,6.326581535450176,4.363698346146596,11.135726029691229,3.859365706207741,5.50169757515855,3.614263791433146,4.125243416887276
7.809993838523428,3.2123276506916913,3.4233612495846675,4.8079628112420325,2.7540058749976035,7.371206590539474,2.3688433272281597,4.4941117637887285,5.42029785463541,7.176361741528852,4.611869782373099,4.936615195225611,3.7462333348092582,4.049220620782289,2.4381818637798705,3.8011958231617036,3.619958532678718,6.023665265855737,6.627302413005367,4.190034659440118,7.2273622798954085,2.603771067184675,2.450562405346863,4.9758055685332,5.496959142691821,4.953931810956427,2.1738353886488353,7.313713126440875,2.6399515850748916
4.452584292147963,3.8320766033533933,7.028669791961916,3.500144599126338,4.059292726740411,4.250678318587258,4.070402042828502,6.387333524098807,7.634579518166309,5.585568119828738,1.9449317617760336,4.16871423014511,3.107662519335959,3.861222243061254,2.609396963005247,7.0737064629961575,2.39537652809382,2.2909781982797233,2.8494729723687264,4.045823840145136,2.9684419197923417,2.9623959112034455,5.865770193546075,3.313525942074173,3.1986418855522483,6.224587183913224,5.669508072994867,2.2634390640807234,2.787314083668656
2.0203585272087183,3.982489342579284,3.92604880173379,4.3735558931081995,3.432684310146729,3.776379784129776,6.504318007961733,3.4447990129239607,5.017702040093417,4.026966345247042,4.302508563944059,5.935250574730149,5.188106250761924,3.604603490575665,3.3449641739335334,5.737521414261839,2.2531799504019845,2.682509108896019,4.3063636247037,6.2487698524890485,4.765727404027973,1.8425531806220758,6.581485585183921,7.570661464910321,6.247782719678928,2.354245484081639,3.7681313720560023,13.420842465962416,2.1800509096822593
4.108432910857113,3.613227684115778,3.8330605777004463,1.1860805241182482,3.8414270181017973,2.5076048049818023,2.9876036232344907,5.572533364052077,15.228073316576475,4.925950495711404,3.3023254118287237,3.6791072880998943,3.7906379097519287,5.383421380440977,2.1610673804683858,4.503399778719607,3.784059298564889,1.766242061609426,5.741670120498704,3.9857510517834416,4.169024719024504,6.740748518153373,8.175295688205168,5.494028142730874,4.330691058286068,2.43664240844595,3.1094894727970783,3.7808487638610155,2.721986297229163
4.957146498398269,3.4457081774724596,3.9450915788053913,6.34952951450757,2.2633323084131405,2.8643536888004566,8.058011015762775,8.000332321313437,2.5073146308961576,4.49655856799471,2.6989122131415453,4.706891012614457,5.116292433380019,4.573003237401856,4.174743829885857,2.907283478160962,0.9273606643569308,4.786272460411049,3.35757966075706,2.924098166123587,6.65744724973665,4.229916519201727,4.776218739956996,2.9782267198531396,4.289398488353591,4.387508263250469,3.5472791343086376,5.800249814946308,9.567213193162148
4.136345613113,3.7990832863129453,3.3411111697758504,3.959117113396906,5.69260710487176,1.742810395179544,6.641618056156878,4.599747548500011,4.109719930128302,7.587417389019177,3.3414193089893245,3.882930534486053,6.238958194578792,4.448645481338772,2.3887229232567577,4.520146277523139,4.3934281314171475,3.335001632674036,3.4503816915051484,4.3145562183517105,2.25143790772325,4.138156490694671,2.756955631948295,3.2070333390860553,10.688160962197422,2.5704833223320547,4.494525895732578,3.4873481448277683,5.871196216239586
3.8122480943779014,5.929124746584306,4.7405653179750775,2.05387905335363,3.4393178457173006,2.8398888449708526,4.140728597059805,7.822060912492125,3.386646734325824,2.8372677312685477,4.4263602270346,5.783808417276049,5.388699404576307,5.635387969318181,3.0583335599816013,4.476359277058882,3.6022676864138488,3.7879735296393964,2.0260296650617104,1.9329410001306127,6.401214098966713,5.018366037201524,7.521463548936056,5.237161187435047,3.2467178527467646,5.00071790915662,4.383148089073049,6.138078832453666,5.257111093964708
3.549873981939518,3.7446948636237045,4.697775862400749,5.10030428711813,2.6300928073015983,2.328014225719886,6.65996629558185,4.3729244300281405,4.387395330482656,5.309262599853302,3.0736346696749,3.4523599170749506,3.4496276879672676,4.571468625773121,5.431819300866992,3.6328801256056504,5.481641472507098,3.1264385573813827,3.1272356505187084,3.5837412334313794,3.9099127084490126,3.2616342989695766,3.7309538605380412,2.8015747288103454,5.126593965391078,6.885016677110162,7.600563010205718,4.951241272004496,6.371656066109732
2.903451703238496,3.251380480712387,4.462068602734376,1.5032655243547488,4.790444837681773,2.94475263377616,3.4518225810775327,2.280322606024313,5.69996024129091,8.848814887052944,4.13624050183961,4.216654897451819,3.3384310457781066,2.8797792300273137,2.5257035025359578,2.992873573827212,5.412217329356239,5.041519868973706,8.992636060120814,3.5531178113384865,2.4209195673482435,3.984518607167926,4.581921823216051,10.414348329667348,5.92849927081842,1.6419280626497432,5.01665418548935,2.0709572811374133,9.737100912025193
6.070657433300663,2.3880845631956755,4.613978841855465,2.450772881075041,3.5949250163840376,3.1102198962337693,4.254703163919775,6.160437198416882,4.017313363190667,3.674230146395189,3.287426956866919,4.71998560301385,6.837341647644971,4.304525935695896,2.8105642296323436,3.660662755064331,2.06465556137111,3.3473870906091086,3.4832991144752703,4.193434491001499,3.78277070304292,2.323759785028719,2.504883686919163,5.8887755047660395,10.72547151898808,5.381379693372096,5.768903601935269,3.5668530164242247,6.254272548672382
2.806406299690931,2.9890083562203436,3.8359313103658934,1.923153975689474,4.218147646304522,4.545428016658584,5.202505467280658,5.214035067981819,3.479558863936865,3.2669344027740244,3.115714070411402,4.923444222448844,6.95324952390384,2.212343235029536,3.7918203195210602,3.299002030898331,3.246150726428474,3.013182388668772,2.8649062694098677,8.484065720680665,2.4859917628403068,2.0928195482984493,5.041977890417219,5.082610840786909,3.616477949785158,4.280234551910623,6.70440870770043,3.925238843626545,6.421645159183058
3.3636870279565767,5.240156133533363,3.7020311674090634,1.4413908721044757,10.741127819011917,2.7037141725551987,5.368144300591932,8.026681215488503,1.801379878084915,3.8720874915020995,6.67181334650398,2.7594164500621154,4.652738179721063,5.195388215875664,4.227013652870975,3.7959524984795885,2.1158742131788006,1.9706364428595395,3.5325154727591936,3.4369638488434258,2.7856070495047827,3.609639571040572,7.55715235845533,8.979936102609562,4.207056940996545,2.5867260871542546,2.5463923860838107,8.064669614006243,4.384064237317012
1.2238212151149344,7.091367207896199,4.883279932442407,3.1741026319237164,3.390934580076695,2.37392269502298,6.671084829389092,11.232667107746716,7.355898528648221,4.022011239207117,3.5472888923992505,2.596817608220531,7.070372985109115,3.9714893406278895,2.450799948120608,2.1493189538599773,2.7387311762696074,5.356268902711113,6.393571291592996,4.978530654953103,3.768256076055505,1.804487505571968,4.894603101491583,3.899362728795885,5.138366450269142,4.906702330741236,2.163856103134983,10.484380275627315,4.76576606010328
2.844863103506929,2.252397191411408,8.395872684287342,2.7559303254653087,4.065748724040217,2.644893381790054,4.825417882962765,4.565296004933672,3.2380821526276318,3.506120661791371,2.966134859933586,4.162449757452322,5.061155260899892,2.5029641304591386,2.5017955768392426,3.0419313759263202,3.2496700618332643,3.278330663506975,4.929642831152331,3.179243715167964,3.544195964881347,1.8217990473852967,4.300996379835876,6.93655039155718,4.601957744758895,2.5892913593707005,5.5946472554837685,2.774429065541522,2.64326163126633
4.420832631056112,4.941605749007642,3.1966133961377676,2.2192645037206615,2.704717918435704,4.448822917434377,4.415614814313738,4.7991610085165926,1.8261150993481936,1.370002364618637,1.733093766850099,3.9972508734324457,5.737059710653176,4.504331147287329,2.7762179558938227,2.6769776929855182,4.656687379823654,3.099579734641692,8.105601001009203,4.609232431094313,4.481681894958934,2.903208121952962,7.965166397301075,8.775255057371153,7.134822205827478,7.856452699293005,3.094009241173945,4.890255343377494,7.521911902335954
6.096853053889903,5.055957495676815,4.333733542634786,2.536253370359007,3.139135962765979,5.347735191246215,4.829911655276325,7.003972886439146,3.4544147500270923,3.5066839376135888,3.5957839922018344,3.216135192980154,4.38593397660807,11.141996122506777,2.0245683646112003,2.8651198973735625,6.547739245288806,2.2563471742710304,3.11160275377735,5.041249090453255,6.4054173069667355,2.4883827839411725,4.011941762209534,6.733575641769885,4.988389879228256,2.510707387741401,4.197931737039649,5.318050678935929,2.7637679926804704
3.6146067905370023,3.788764293182505,3.3255019978835207,1.5544107508240783,3.7758856245778647,3.573788734589538,4.613781301411156,4.183415557704511,3.184117546134224,3.5354618886944302,6.410529170051829,3.6380628757147,5.585209681030497,2.930064319535926,2.932868834173324,4.84048849125849,3.319651121733845,1.9682278684301509,8.325371891411727,3.7804875401397964,4.363425234809422,2.5486918195755752,5.662403872524717,5.343880317278863,3.1908381075935197,3.409103044969662,2.970221676022027,3.749762044415377,4.656904985231314
