,Prompt,Summary,samlet vurdering,labels,noirScore,bleurtScore,rougeScore,bertScore,bleuScore
0,"SUBREDDIT: r/relationships

TITLE: My girlfriend [25F] might get a job in another city and I [26M] am thinking to follow her

POST: Hello r/relationships,

I will try to be short. My girlfriend [25F] has an interview for a job in another city, let's called it C because it is the third city in our equation. I [26M] am from city A where I live but I work all week in city B. She is also from city B, and that's why have a common ground. (the distances are not big deal but the working schedule is hell).

Now she might get the job in city C and probably move there too. 

Obviously, I want to follow her. What is your opinion on that?

You see, to get any other job for me in any town is easy. But there are no opportunities for the field I work in any city. So it is hard to move but not impossible. 

The thing is that I don't want to lose her for anything. It will be a huge step to follow her, for both of us. We are together almost a year and she is everything for me (yeah I know, a cliche phrase but I never had anything before her. So now, I have everything).

Following her, basically means for me going to ground zero in my career but also taking my life completely on my hands and exploring alternatives. 

Not following her, means losing her.

She knows that I am most likely to follow her but she won't demand it. 

Also, I have no one to ask these things...

Thanks everyone in advance for the time you spend on this post!

TL;DR:","My girlfriend [25F] might get a job in another city and I [26M] am thinking to follow her .
To get any other job for me in any town is easy. But there are no opportunities for the field I work in any city. So it is hard to move but not impossible.
I don't want to lose her for anything. It will be a huge step to follow .
I have no one to ask these things...","8,5",Girlfriend is about to get a job in a different city and I am thinking to follow her. Opinions?,3.3244923749047652,-1.2598457336425781,0.33333333333333337,0.849869430065155,
1,"SUBREDDIT: r/relationships  TITLE: I [19 M] have a crush for one of my friends [19 F] who is in a relationship  POST: Hi Reddit,  so a few days back i met a beatiful girl on a seminar i was on. We liked each other from the beginning and started to talk a lot during the 5 days we were there. I really liked her from the beginning and know i just can't stop thinking about her. She seems to be perfect for me. We have the same hobbies, love the same music etc. . I will also meet her again in a few days and just knowing that makes me so happy. I would really be the luckiest person on this planet and in the entire galaxy if she would be my gf but the problem about this is that she is in a relationship with her boyfriend for nearly 2 years which makes everything so difficult.  During the seminar we were on it also came to a moment when we were tickling each other a bit and then our foreheads touched. We looked us both in the eyes for a couple of seconds but I didn't know what to do. I would have maybe gone for a kiss there if she wouldn't have been in a relationship. But most of the time we spent together or with the people we liked. We also sang Karaoke together danced a bit and talked for like an hour about the problems we have/had. It felt like she is the one for me.  She even lives together with her bf since a few months which makes it even more difficult for me to date her or something like that. It seems to me that waiting for them to break-up is my only possible way to even get her to date me which makes me sad  TL;DR:",I met a beatiful girl on a seminar i was on . I really liked her from the beginning and know i just can't stop thinking about her . She even lives together with her bf since a few months which makes it even more difficult for me to date her .,6,Developed a crush on a beautiful girl during a seminar but she has a boyfriend with whom she is nearly 2 years togehter,3.3244923749047652,-0.9864097833633423,0.2191780821917808,0.8462185859680176,
2,"SUBREDDIT: r/pettyrevenge

TITLE: Complain about where my car is parked? Have fun getting woken up every night.

POST: I live in a pretty spread out subdivision and park my car at the top of my driveway every single day.  My neighbors recently inherited some money and their attitude has changed significantly. I've had a couple of minor issues with them in the past. Every time that someone's vehicle is parked on the road in front of my house, they call the cops and report it. My subdivision has a rule that cars can not be parked on a ""non-hard"" surface and when people park in front of my house, they pull slightly off the road to make more room for any passing cars. However, if the car was parked fully on the street, it wouldn't be an issue. Anyway, a couple of weeks ago my dad was doing some yard work and had his truck parked in the middle of our driveway to unload some mulch. I parked my car on the street for maybe 3 hours and then moved it back into the driveway when he was finished. A few days later I received a written warning from the local law enforcement that my car was not to be parked on a non-hard surface. I knew it was my neighbors and I know that their bedroom is the front room of their house, with a large window facing the street. Every night before turning on my road, I turn my radio up to full volume and turn on my brights so that they shine into their bedroom window. Take that!

TL;DR:","My neighbors recently inherited some money and their attitude has changed significantly .
Every time that someone's vehicle is parked on the road in front of my house, they call the cops and report it .
My subdivision has a rule that cars can not be parked on a ""non-hard"" surface .",5,My neighbors complain when my car is parked in front on my house so now I try to wake them up every night.,3.3244923749047652,-0.8733016848564148,0.2972972972972973,0.8656630516052246,
3,"SUBREDDIT: r/pettyrevenge

TITLE: bitch while I re-arrange my tech stuff? (including internet) Feel my wrath!

POST: My roommate isn't computer literate in the slight. Usually ANYTHING computer related goes over her head (Including such things like ""reboot your computer and it'll work again"").

She had a router that's about six years old that has been failing for the last six months, but I've been nursing it along until I could get a new (better) one.

Well. last week it finally died. the memory that stores most of the router software got corrupted and ceased working. I purchased a new router that I've been looking at for a while now. It's not very expensive, but the number of features it has is insane (it's a MikroTik RouterBoard if you really want to know). I pay the internet bill here, and make sure everything tech related works.

I get the router setup, however it's on top of my desktop which eats up an ungodly amount of space on my desk. I tell her that I'm taking the internet down so I can move everything (including my desktops) under my desk now that I don't need to fiddle with them as much anymore.

The internet was down a grand total of seven minutes. And she endlessly bitched while I was re-arranging everything. She does nothing on the internet except watch Youtube and some free movie site that constantly infects her with malware; even after I've constantly told her to stop using after I've removed the garbage 3 or 4 times now. (any other website she uses her phone for. (I have no idea why, and all attempts to teach her how to use the magical thing that is Google goes in one ear and out the other)

So. With this awesome new router I had the perfect revenge ready.

This router has every option under the sun. Including adjusting the speed of specific things (different Ethernet ports or wifi)... When I got it back online, I set her internet to speed 56K. Enjoy dial-up bitch. Just for good measure I also changed her login sound to the old dial-up tones just to add insult to injury.

TL;DR:","My roommate isn't computer literate in the slight. Usually ANYTHING computer related goes over her head .
She had a router that's about six years old that has been failing for the last six months .
I purchased a new router that I've been looking at for a while now .
It's not very expensive, but the number of features it has is insane .","3,5",my roommate bitched that internet was down for less than 10 minutes while I re-arranged stuff. Suffers the torture that is dial-up.,3.3244923749047652,-1.051703691482544,0.20224719101123598,0.8262381553649902,
4,"SUBREDDIT: r/relationships

TITLE: (25 m)needs advice on complicated situation with (24 f)

POST: Ok so here's the back story.  I'm 25m, my wife is 24 f.  We were married 3 years ago.  Been together another 2.  We separated about 3 months ago (stress over money led to infidelity on her part and that led to several fights between us).  We both started seeing someone else after separating.  

Today we met up to discuss the impending divorce and after a long(I'm talking 6 hours or so) talk we realized that we still love each other and that both of us have grown up a lot in the last few months.  (Basically forced to because of living situations)

Now my question.  Should we try to give it another shot?  I'm thinking of basically dating and not jumping back into full fledged married life right away.  Also, is the fact that we have both now been with someone else while we were separated going to cause problems down the road?

TL;DR:","(25 m)needs advice on complicated situation with (24 f) i'm 25m, my wife is 24 f. we were married 3 years ago. been together another 2 . we separated about 3 months ago. stress over money led to infidelity on her part .","3,5","wife and I separated, saw other people, fell back in love, want to give it another shot. Good idea?",3.3244923749047652,-1.3253984451293945,0.16129032258064516,0.8180469274520874,
5,"SUBREDDIT: r/relationships

TITLE: I (20F) am still good friends with my ex (25M). We're both in a relationship, but last night he started trying to sext me. What should I do?

POST: We've been friends since we broke up almost 3 years ago and this is the first time he's tried anything like this. I told him that I wasn't comfortable  with it.

He said: ""tell me  you don't like me talking dirty to you and mean it and I'll stop.""

Me: ""we both have someone. Regardless of whether or not I like it, its still wrong""

Him: ""you should consider your boredom and my own and the little bit of thrill this beings. Besides its nothing but words""

Me: ""a couple years ago, I might've believed that. But behind the words is intent. And emotions. And attraction. Words can quickly turn into actions, and even though I might still have feelings for you, I'm not in a position where I can let those feeling manifest into anything more, regardless of how small they may seem."" 

He then complimented me on how much I had grown since we dated and went to bed. Did I handle this correctly? What else should I do? I don't want to ruin our friendship because of this. Its the first time he's done anything remotely like this. Advice?

TL;DR:","POST: We've been friends since we broke up almost 3 years ago and this is the first time he's tried anything like this. Besides its nothing but words"" Me: ""a couple years ago, I might've believed that. Words can quickly turn into actions, and even though I might still have feelings for you, I'm not in a position where I can let those feeling manifest into anything more, regardless of how small they may seem."" He then complimented me on how much I had grown since we dated and went to bed.
",3,"ex and I have been friends since we broke up almost 3 years ago. He tried to sext me last night, even though we both have partners. Advice on what to do.",3.3244923749047652,-0.9994958639144897,0.328125,0.844405472278595,
6,"SUBREDDIT: r/pettyrevenge

TITLE: ""Have a nice day, sir. ""

POST: So I go to the taco bell drive thru on my lunch break (only 30 minutes) thinking I'll just get a quick lunch abs be on my merry way.  After waiting about 5 minutes just to order,  it takes another almost 10 minutes to get to the window.  I'm sitting there waiting, 2 more minutes go by and she comes to the window.  ""Your total is $. $$, I go to hand her my debit card and she looks at me and says,  ""Sorry we can't take credit cards right now. "" I say it's fine because it's actually debit.  She tells me they can't because the card reader is down,  calls over the manager just to make sure,  and the manager repeats that i can't use my card.  I tell her that's all I have right now, and so she looks at me and says, ""Then you have a nice day,  sir. "" WHAT THE FUCK.  NEXT TIME MAYBE FUCKING SAY SOMETHING WHEN I ORDER, INSTEAD OF AFTER I WAIT IN LINE AND NEED TO PAY FOR IT. So what do I do? I quick go next door to the gas station atm, get cash.  Go back,  order inside.  After I get my food and go back to my car,  i decided to clean out all my trash... in to the parking lot.  Then drove away.

TL;DR:","After waiting about 5 minutes just to order, it takes another almost 10 minutes to get to the window. $$, I go to hand her my debit card and she looks at me and says, ""Sorry we can't take credit cards right now. I tell her that's all I have right now, and so she looks at me and says, ""Then you have a nice day, sir.",6,"taco bell doesn't tell me their card reader is down, forcing me to get cash and come back. I leave my car trash in the parking lot.",3.3244923749047652,-1.1270331144332886,0.22916666666666663,0.8377507925033569,
7,"SUBREDDIT: r/pettyrevenge

TITLE: Yeah, neighbor, you're right: backing out of a driveway is pretty tough. Allow me to demonstrate.

POST: So there's a family who lives across the street from us (who we've nicknamed ""The Dog Pee-ers,"" a long, pettyrevengeworthy story in and of itself) and the mother figure (guess who's dog did the peeing in the other story) is a great big asshole.

One day, my stepdad was parked on our side of the street, but the back half or so of his car lined up with the end of their driveway. Anyone with half a brain could have made it out of their driveway in two shots (back up a bit, pull forward a bit, back the rest of the way out) and any above-average driver could have done it in one. She does not belong in either of those categories, apparently, and backed into my stepdad's car. No serious damage, just a small dent/scratch to his car, nothing to hers. 

This itself was not particularly heinous and would have been entirely forgivable, until she came over and yelled at my mother for a few minutes about how it was entirely not her fault and how stupid it was to park directly at the end of her driveway. 

Using the precedent she established, I assumed all bets were off now when it came to pulling out of driveways. Now, every time I pull out of my own driveway, I overshoot by about 4-5 feet until the ass of my car is entirely in their yard, and have done it consistently enough to leave a good looking couple of tire treads at the end of her yard. Oops.

(Oh, and since my car is scratched and dented enough where I wouldn't mind it getting bumped, you can guess where I park that motherfucker when the driveway's full.)

TL;DR:","One day, my stepdad was parked on our side of the street, but the back half or so of his car lined up with the end of their driveway. Now, every time I pull out of my own driveway, I overshoot by about 4-5 feet until the ass of my car is entirely in their yard, and have done it consistently enough to leave a good looking couple of tire treads at the end of her yard.
","5,5",My neighbor hit my stepdad's car and blamed him. I now drive through her yard every time I leave my house.,3.3244923749047652,-1.1334731578826904,0.28,0.8417590260505676,
8,"SUBREDDIT: r/relationships

TITLE: I [23F] am having trouble feeling like my [26M] boyfriend has given up.

POST: We have been dating for a year now. Things were good at the beginning of our relationship and he'd do sweet things like buying me flowers or taking me out on dates that we'd plan together.

Since we moved in all that has stopped. Completely. It was as if a switch was flipped. I try to suggest things that we could do together and I cook and clean and give him massages and try to flirt with him to make him feel special but he never wants to do anything except smoke pot and play video games all day. (I should say I'm not against those things I don't smoke but I'm an avid gamer too but there's a point where it's too much!) I've tried and tried to explain that I don't feel wanted or desired by him anymore and he puts more effort in for a day or so and then nothing. I feel like I'm nagging and controlling to ask so often that it's driving me nuts!

It's gotten to the point where I'm not really sexually attracted to him anymore. I work out and I've tried to motivate him to go to the gym with me but he says his anxiety won't let him. I love him and I know it's shallow but he's put on so much weight since we moved in that I just... don't feel attracted to him. It also doesn't help that he won't try to romance me or put me in the mood and that's causing more tension for the both of us.

What can I do to save this??

TL;DR:","r/relationships: i'm having trouble feeling like my boyfriend has given up . i try to suggest things that we could do together and cook and clean but he never wants to do anything except smoke pot and play video games all day . it's gotten to the point where I'm not really sexually attracted to him anymore. he says his anxiety won't let him .
",7,Moved in with boyfriend and he's become a couch potato pot cloud and I can't deal with it. Need advice.,3.3244923749047652,-1.0523216724395752,0.20224719101123595,0.8376448750495911,
9,"SUBREDDIT: r/relationships

TITLE: How to convince my very conscious parents to allow me to go on a trip with my best friend

POST: My best friend asked me to go to Montreal with her this summer for a few days, but my parents are pretty strict. My whole life, my parents have most of the time said no to me hanging out with friends or going out and they have randomly said yes a few times. What is the best way for me to convince them for me to go? I'm 19 years old by the way and Indian. I rarely do anything bad and I've been babysitting my little sister this whole summer so far. I haven't done anything fun so far and this trip could really make this summer memorable for me. Also disobeying them is not an option, they pay my college tuition.

TL;DR:","my best friend asked me to go to Montreal with her this summer for a few days, but my parents are pretty strict . my parents have most of the time said no to me hanging out with friends or going out . what is the best way for me to convince them to allow me go?
","9,5",How can I convince my strict parents to let me take a trip with my best friend? My parents have known my best friend for over 10 years.,3.3244923749047652,-0.37789186835289,0.38554216867469876,0.8853929042816162,
10,"SUBREDDIT: r/pettyrevenge

TITLE: Mr. Employee don't send your nice mom after me!

POST: Long story short I manage a small office, and an assistant so I hire an employee. Well in the past when I only had one part time employee if one quit I was hurting so now I always make it a habit to hire two.

So I had to hire a guy, and I hired not the greatest of workers. Whatever I need a warm body, then comes along a new hire who is A LOT BETTER. So I cut first employees hours and increase 2nd accordingly. 

The first worker protests, I tell him tough, deal with it, or buck up and show some improvement.

Then...

He brings in his mom! His mom is a nice lady...and I'm so confused why this employee is bringing in his mom to discuss his hours with me.

So his mom purposes the question ""Why did you reduce my sons hours""

To which I look at her son and say ""Well, would you like me to explain why?"" he says yes!

I look at the mom and start on my list of issues. Then I look at the mom and say: ""Now if you where in my position would you not do the same thing?"" To which she agreed, they left.

TL;DR:","r/pettyrevenge: mr. employee don't send his nice mom after me! he cut his son's hours, then brought in his mom to discuss it . his mom agreed, and they both left .
",3,don't send in your mom to settle a issue between a mgr and employee...Or I will bury you in front of her.,3.3244923749047652,-1.311309814453125,0.2807017543859649,0.8526273369789124,
11,"SUBREDDIT: r/pettyrevenge

TITLE: The Furious Racer (Been saving this for my First cake day!!!)

POST: Hey guys, 

So a few years ago, it was just before summer and I just bought my first Real new car (06 G35 Coupe M/T)  It was the weekend the Fast and the Furious was releasing... I was running some errands and as I leave, I see this cop hiding behind a spa before a very busy traffic light... 

I just kept notice and reminded myself of that for the way back... 30mins later I was leaving the mall n these kids in a green riced out Dodge Neon (Not SRT4) kept on pulling up and trying to get me to race them.  I mean I don't mean to be cocky but Seriously.. It's pointless plus I know there's always cops around during a Fast n Furious release... 

They follow me almost all the way home... Finally to that busy intersection I knew a cop was hiding a bit up ahead... They started giving me the finger and calling me a pussy for not racing.  Finally I had enough... I rev'd the shit out of my car... Told them I'mma own them in their mommy's car... They get all excited, What they don't know is there's usually an advance turn for the people on the left.

When that light first went on, they tried to get a head start n take off... Realised it was an advance turn, stopped in the middle of the intersection... Then it was too late so they decided to just run it anywas... Cop was watching the whole time and pulls them over right away... Light actually goes green, I go by super slow and wave =)

TL;DR:","a few years ago, i was running some errands and saw this cop hiding behind a spa before a very busy traffic light . 30mins later, these kids in a green riced out dodge neon (not srt4) kept on pulling up and trying to get me to race them . finally i had enough... I rev'd the shit out of my car... Told them I mma own them in their mommy's car... They got all",7,"Douchebags Fast n Furious kids call me names for not racing them, they get pulled over for running a light and probably ticketed pretty hard.",3.3244923749047652,-1.2700690031051636,0.2,0.8021191358566284,
12,"SUBREDDIT: r/relationships

TITLE: Me [28 F] with my M [31 M] one night, married

POST: I met this guy at a bar and had the best night of my life with him. Things were more comfortable and amazing than anything I have ever experienced. After a crazy night with a lot of sex I left in the morning with no goodbye. Realizing shortly after I didn't want to just let this go, I went back to exchange contact information. When I went to do so I noticed he now had a wedding ring on his finger. I called him out on it and left in a rage.

Four days later I receive an email via social media from him - he had clearly taken the time to look me up as I did not supply any personal information. He voiced intense interest in me, his displeasure in his marriage and outright said I want to leave my wife. After a number of innocent messages were exchanged, where I explained my disgust and told him I was unwilling to be in any contact with someone who was married he implied he was going to leave his wife, asking me my feelings and how I felt towards him. I told him I was not going to reply to such a question as I did not want my actions or words to effect any decision he may or may not make.

I don't know what his decision will be, but I feel bad even thinking about him. I have never had such chemistry with anyone I've ever met, but I know it is an extremely fucked up situation. What do I do?

TL;DR:","""I met this guy at a bar and had the best night of my life with him"" ""After a crazy night with a lot of sex I left in the morning with no goodbye"" ""He voiced intense interest in me, his displeasure in his marriage and outright said I want to leave my wife"" ""I have never had such chemistry with anyone I've ever met""
","8,5","Had sex with man who was married, once I found out he told me he wanted to leave his wife and wondered how I felt about him.",3.3244923749047652,-0.6852014064788818,0.27956989247311825,0.8573513031005859,
13,"SUBREDDIT: r/relationships

TITLE: Earlier today I [29 M] broke up with my gf [27 F] of two years. I did it in a particularly hurtful way (unintentionally!) to a particularly vulnerable person. My sense of freedom has quickly worn off. How do I cope with the guilt--how much is appropriate?

POST: It should be noted that she has naturally low self-esteem (history of sexual assault, anorexia).  I wanted to do this kindly, but I couldn't have done this worse if I'd tried.

The breakup was a shock to her.  During the breakup conversation, she pointed out that:  I had been telling her I loved her all week, and I recently said I was serious about marriage, and that we spent five wonderful days together for new years  (we're long-distance relationship), and I told her I loved her and made love to her. She kicked me out after 15 min telling me she thought I wasn't even behaving like the real me.

Why the shock? Because we're long-distance, I was really INTENTIONALLY trying to avoid indicating that anything had changed until I saw her.

TL;DR:","I broke up with my gf of two years in a particularly hurtful way. She has naturally low self-esteem (history of sexual assault, anorexia) I wanted to do this kindly, but I couldn't have done this worse if I'd tried. How do I cope with the guilt--how much is appropriate?","8,5",I crushed the self esteem of a girl with chronically low self esteem. How do I cope with the guilt -- how much is appropriate?,3.3244923749047652,-0.8342871069908142,0.46153846153846156,0.8509355187416077,
14,"SUBREDDIT: r/pettyrevenge

TITLE: Contribute the most to your annoyingly loud family? Enjoy your flight with a dead battery

POST: This is happening right now. About 9 or so people, my guess friends and/or family members, were seated across and next to each other at an airport gate. They all decided to talk to one another at the most horibly loud volume. One of them, we shall all her my Droid Rage, was walking to each person and talking at the previously mentioned volume despite being in front of them, showing pictures, taking, pictures and playing music through the phone's speakers. She also would sit and play loud games, and then jump up to show them off. This went on for over an hour. I had been charging my computer and phone with the nearest outlet (taking up both because no one was around earlier.) at this point I saw her looking around somewhat frantic and then looked down at my plug and Droid Rage asked about her phone to her friend who shrugged and pointed around at other plugs but she ops out for a dead phone rather than move away alone.

Now if I had been a nice guy I could have given up my outlet for the phone and charged it with my computer but I wanted her phone dead!

TL;DR:","Droid Rage was talking loudly to people at an airport gate. She was showing pictures, taking, pictures and playing music through the phone's speakers. She also would sit and play loud games, and then jump up to show them off. This went on for over an hour. I had been charging my computer and phone with the nearest outlet. I saw her looking around somewhat frantic and then looked down at my plug.
","6,5",I Silenced a noisy persons phone for myself and for the sanity of other passengers in the terminal and on their flight!,3.3244923749047652,-1.3198776245117188,0.16666666666666669,0.8348268270492554,
15,"SUBREDDIT: r/pettyrevenge

TITLE: If you make me miss two lights, don't get mad at me when I make you miss your turn.

POST: I was driving home in rush-hour traffic when I got stuck behind a woman who was going significantly slower than the other cars around us. I was in the leftmost lane, and, because of how dense traffic in the other lanes was, I could not get around her. I missed two signals, thanks to her.

Eventually, I did manage to get around and in front of her, as my left-turn would be coming up after another couple of intersections. Suddenly, I noticed in my rear view mirror that she was going to be making a left turn at the approaching intersection, and she was gunning it to make it to the green arrow, looming suddenly larger in my rear view.

Well, needless to say, I slowed way down and made it impossible for her to enter the long left-turn lanes and reach the green arrow in time. I finally gave her enough space to get in, and she raced down the long turn lane past me but the arrow had long since turned red.

As I drove past her, she shot me a death glare and I flashed her a smug grin.

TL;DR:","A woman was going significantly slower than the other cars around us. She was gunning it to make it to the green arrow, looming suddenly larger in my rear view. I slowed way down and made it impossible for her to enter the long left-turn lanes. She shot me a death glare and I flashed her a smug grin.",8,Woman drives significantly slower than surrounding rush-hour traffic and causes me to miss two lights. I get around and in front of her and cause her to miss her turn.,3.3244923749047652,-0.7013400197029114,0.32967032967032966,0.8684466481208801,
16,"SUBREDDIT: r/relationships

TITLE: My mom [53F] keeps trying to reunite me [23F] and my estranged sister [19F] and it's making me miserable.

POST: ""Estranged"" isn't really the right word though. We have never had a relationship of any kind. We have hated each other since the moment she was born. Not once in the past decade (despite living together and going to the same school) have we even spoken to each other without it turning violent, or at least becoming a screaming argument. 

I moved away from home to go to college in one of the most stressful engineering programs in the country--it was like entering a peaceful zen trance. I felt safe sleeping without a lock on my bedroom door, I stopped grinding my teeth, and I stopped getting stress headaches.

However, my mom is very close to both of her siblings and considers it *very* important to have those relationships. She is completely convinced that now that my sister and I are ""adults"" we will suddenly get along. Now, at least half of the visits I make to see my mom, my sister will ""accidentally"" be coming to visit at the same time. It's gotten to the point that I dread going to visit my mom (and often just skip it completely), because my sister might be there. Seeing my sister makes me so angry and unhappy that I feel sick to my stomach, and it ruins the little time I have with my mom (I live in another city and have a very time-intensive job).

What can I do to convince my mom that tricking us into a room together is just making things worse? Has anyone ever heard of someone else going through this? Everyone who I have ever talked to about it (parents, friends, etc.) dismisses it--""it's a phase"" or ""everyone fights with their siblings"" and no one seems to believe me when I say that something is horribly wrong.

TL;DR:","""Estranged"" isn't really the right word though. We have never had a relationship of any kind . Not once in the past decade have we even spoken to each other without it turning violent, or at least becoming a screaming argument . My mom is very close to both of her siblings and considers it *very* important to have those relationships .
","4,5","I want my mom to stop tricking me and my sister, who hate each other, into meeting in the hope that we will suddenly get along after two decades.",3.3244923749047652,-0.9232551455497742,0.20224719101123598,0.8336429595947266,
17,"SUBREDDIT: r/relationships

TITLE: Me [21 M] with my GF [21 M/F] of 5 months, says ""I love you"" to me, I feel bad cause I never say it back.

POST: My GF and I  have been dating for 5 months now. We were friends for a few months before that. Initially she got a crush on me, and asked me out. The first month or two we dated, our relationship wasn't that great tbh. Mainly because I didn't treat her like a girlfriend. I'd leave and go home after we fucked, showed up over an hour late to our first date, ditch her during out hangouts to go get high with my friends, etc... we had some good times, but overall I felt nothing towards her so I was kind of an asshole. 

After some time though, I started to like her and act a lot better and more like her boyfriend and we started having even more fun, and she started to REALLY like me, I know cause she'd tell me that she ""really really really liked me"" multiple times, and that ""I was the best guy she ever dated"" 

Heres the thing though, she told me she ""loves me"" but she said that she wasn't ""in love"" with me. I didn't know how to react so I was just like ""ok"". But now she always says ""I love you"" before we go to sleep, or I leave or something. 

I never say it back because I still only kinda like her, I'm no where close to feeling like I love her or being able to say it back to her, and honestly, I feel kinda bad about it. I'm afraid that she expects me to say it back sometime soon, and I know that its not gonna come for a while, and I don't wanna hurt her, but everytime she says it I  just kiss her or awkwardly nod my head....how should I handle this? Do you think I should tell her to stop saying it to me until I feel I'm ready to say it back, or should I just keep doing what I'm doing?

TL;DR:","My GF [21 M/F] has been dating for 5 months . I feel bad because I never say it back because I still only kinda like her . Do you think I should tell her to stop saying it to me until I feel I'm ready for it back?
","7,5","My GF always tells me she loves me, I can't say it back and I know I wont for a long time. How do I handle this?",3.3244923749047652,-0.7006037831306458,0.3116883116883117,0.8637237548828125,
18,"SUBREDDIT: r/pettyrevenge

TITLE: The most passive way to get back at my roommate

POST: **BACKGROUND:**
My roommate Chuck is unbelievable. He's an awkward, sensitive, anal-retentive redhead, and I have thousands of stories to tell about him. While my Chuck has pissed off many people in my floor for many things (such as marrying my other roommate's ex), I'll spare the details and dive straight into the story.

**SITUATION:**
Chuck and I are both in the same chemistry lab class, so sometimes we ask each other for help. One day Chuck asks me to see parts of my graph to help him with his assignment. I assumed he just needed to reference-check some of his work. I emailed the entire to Chuck and thought no more of it. Besides, Chuck gets better grades than me, so he's surely not going to do something stupid like copy and paste the whole graph onto his assignment.

A week later, I learn a valuable lesson. Never underestimate stupidity. Fucking Chuck almost hits both of us with a plagiarism charge, and we had to sit down with our teacher to explain ourselves. This pissed me off to no end because I wasn't responsible for any wrongdoing, and Chuck's the dipshit who dragged me into this mess. Miraculously, our chemistry teacher decides not to report us to the dean. This didn't stop her from giving me a C for the lab report.

**REVENGE:**
Chuck always left his computer on, so I could easily go on and fuck with his shit. He's incredibly active on facebook, so he's always logged into Facebook on his computer. I changed the visibility of his posts to only him. That way no one would see any of his posts and thus no one will be able to like any of his posts.

After three months of this, I changed his settings back just as easily. But the damage was done: he no longer posts anything on Facebook anymore.

Also Chuck has OCD, so I sometimes I changed the orientation of the toilet paper.

TL;DR:","My roommate Chuck is an awkward, sensitive, anal-retentive redhead . I'll spare the details and dive straight into the story . Chuck and I are both in same chemistry lab class .","1,5","Almost hit me with a plagiarism charge, and I'll punch back at your ego. In the laziest way possible.",3.3244923749047652,-1.1929503679275513,0.19607843137254902,0.8145635724067688,
19,"SUBREDDIT: r/pettyrevenge

TITLE: Don't give away private details in a public place

POST: I commute by train to work and generally like to zone out listening to my tunes or reading. Every now and then someone decides the cramped train compartment is the perfect place to loudly make a phone call. I find this disrespectful of others in the car who are forced to listen to half the conversation. If the call is that important, get up and take the call in the vestibule. This is especially irritating when the caller is so loud I hear him/her over my music.

This morning my commute was going great for about 2 stops, then I hear some guy 4 rows up (!) loudly complaining to someone at his bank. I try turning up my music, but in order to drown him out I have to make the volume uncomfortably loud. No good. So I decide to settle in and listen.

Over the course of several calls this guy rudely berates the bank employee(s) about how he can't access his account. He then proceeds to provide to the entire train car his full name, address, and phone number, account number, and the answer to two security questions (I never did get the name of the bank, though). I wrote down everything he said on a scrap of paper and calmly waited for my stop.

Luck was with me, my stop came first. As I walked up to the exit of the car, I passed right by him. I dropped the note in his lap and said ""Don't give out your private details in a public place,"" then stepped off the train just as the doors closed behind me.

I stood on the platform and stared at him through the window as he read the note, then got to see the look of fear on his face when I waved goodbye as the train pulled out. I like to think he was convinced I was going to steal his identity (he now had my only copy of the info), and that thought kept me cheerful for the rest of my day.

TL;DR:",I find this disrespectful of others in the car who are forced to listen to half the conversation . This is especially irritating when the caller is so loud I hear him/her over my music . Over the course of several calls this guy rudely berates the bank employee . I wrote down everything he said on a scrap of paper and calmly waited for my stop .,4,"obnoxious guy on his cell phone gives his bank details to everyone on the train. I make him think I stole his identity.
",3.3244923749047652,-1.047364592552185,0.18181818181818182,0.829076886177063,
