,model,subreddit,prompt,summary,label
0,ainize/bart-base-cnn,r/tifu,"SUBREDDIT: r/tifu

TITLE: TIFU by putting on anti-dandruff head and shoulders

POST: So, I have a horrible case of dandruff, so i went to buy some of that zync whatever-the-hell shampoo. So, i'm in the shower. I put a handful on my wet hair, and first I was ""Hey this isn't so ba-"" and then BAM. This was satan's own shampoo.

 As it slowly ran across my face, I could feel the burning, as if someone lit a small fire on my face. I tried to resist it, putting water at my face. As i was rinsing, I could hear satan whisper in my ear ""its not over yet"". The damn shampoo made its way in not one BUT BOTH of my eyes. Me being the retard I am, i put my SOAP COVERED HANDS in front of my eyes to block out the stinging. Not only was satan shoving his pitchfork in both of my eyes, he was laughing. As I let out my whimpers and groans, the FUCKING SHAMPOO MADE ITS WAY INTO MY MOUTH. Be noted, while i was resisting the shampoo on my face, i put on more.

 So, as my eyes were burning, my tounge felt like it just dived in a cup of noodles fresh out of the microwave. I shoved my face toward the fresh, cold water to feel the relaxation, only for the stinging to return instantly after I move away to get air.

Now, the thing is, the water tends to shift from extreme colds to extreme heat. And oh-fucking-boy did that shit happen. As I was cleaning away the satan shampoo, the water went rogue and went HOT on my face. That was it. I GTFO'd out of the lava pit and rubbed my face with my towel and dried up.

TL;DR:","TIFU writer puts on anti-dandruff head and shoulders .
Shampoo made its way into not one BUT BOTH of his eyes ."," put on anti-dandruff shampoo, it turns out that shit stings on my skin. Got into my eyes and mouth and water turned hot on me."
1,ainize/bart-base-cnn,r/tifu,"SUBREDDIT: r/tifu

TITLE: TIFU - by not asking for directions to my interview and forgetting my cellphone

POST: This is one of those rare ones that actually happened today ... although it's not as embarrassing as some ... it is however a screw up .... i've been looking for a job as many people are ... on Monday i get a call for an interview on Wednesday at 3pm ... so i check the address...i know the area well like the back of my hand... 2 days pass day of interview at 1pm i recheck the address i know the area i used to live about 4 blocks away , no worries what so ever... 2:30 i leave for the interview with all that i need get to the address 2:45...i'm 15 minutes early yeah!! (if you show up to an interview on time ... you are late) ...i look and it's a big warehouse with only 1 business in it as far as i can tell... we'll call it ""the cinder block"" ...but it's not the business where i had the interview ... so i drive around the warehouse looking truck after truck ""the cinder block"" ""the cinder block""... for the life of me i can not see the place ... it's now about 2:50 panic starts setting in ... i start expanding my search ... i'm driving around finding nothing ... it's now about 2:55... i reach for the cell phone ... i had left it at home charging... drive around some more while chanting expletives and cursing myself... 3pm... give up drive home still swearing at myself.... as soon as i get home i phone the place asking for my interviewer... who is of course busy (probably interviewing the person who did ask for directions,has their cellphone and is getting the job)... i leave a polite message of apology and asking to be called back if they still want to interview me (not holding my breath on that one)... i also plan on phoning him tomorrow and apologizing again for wasting his time... so new life rule(s)... always ask for directions even if i know the area and always double check i have the cell with me....first interview i have ever missed... had i asked for directions and/or brought a cellphone... i would not have missed the interview....

TL;DR:","On Monday i get a call for an interview on Wednesday at 3pm .
So i check the address...i know the area well like the back of my hand .
2 days pass day of interview at 1pm i recheck the address i know .
i'm 15 minutes early yeah!! (if you show up to a interview on time ... you are late)
i reach for the cell phone... i had left it at home charging... drive around some more while chanting expletives and cursing myself... 3pm... give up drive home still swearing at myself .
As soon as i get home i phone the place asking for my interviewer... who is of course busy (probably interviewing the person who did ask for directions,has their cellphone and is getting the job)... i leave a polite message of apology and asking to be called back if they still want to interview me (not holding my breath on that one)", always ask for directions when interviewing even if you know the area well and always take your cellphone...GDMFSOB....
2,ainize/bart-base-cnn,r/tifu,"SUBREDDIT: r/tifu

TITLE: TIFU by surprising a girl I like but ended up in sadness and bad luck.

POST: So this is happened just an few hours ago. I am seeing this girl that I really really like and planned to surprise her by waiting for her in our common place (which is where she pass by when going home, also note that I already did this before but I waited right outside her office building,). A text earlier by her told me that she's still in the office because of some problems occur on her work so I decided to not call and just text. I bought some food and drinks because I know that she's pretty exhausted(she did like 3-4 hours of overtime this week including this day). About 3 hours later of waiting(12:30am), drinking some coffee to keep me awake in some fastfood chain, she finally texted, that she's already home, then immediately texted again to tell me goodnight.

So there I was, regretting that I didn't call for the duration of waiting, feeling drained and disappointed in myself, my excitement of seeing her turned to sadness.

And while going home, the public vehicle that I'm in crashed to another car, me and other commuters go find another one to ride in while feeling weary. Atleast I got to eat the food that I bought for her though.

TL;DR:","TIFU by surprising a girl I like but ended up in sadness and bad luck .
I bought some food and drinks because I know that she's pretty exhausted .
While going home, the public vehicle that I'm in crashed to another car .", I planned to surprise the girl I'm seeing and after waiting for hours I ended up missed her and already home. Got crashed while going home. Teary eyes.
3,ainize/bart-base-cnn,r/tifu,"SUBREDDIT: r/tifu

TITLE: TIFU by saying ""anal cakes""

POST: I was in my grade 11 English class today and the girl beside me said 

""Hey does this eraser smell like cotton candy to you?"" 

So I took a good whiff and it smells like a urinal cake. So I tell her that and my English teacher overhears and says 

""What smells like a urinal cake??""

So I tell him about the eraser and he says 

""No I have a cold. Can't smell anything""

To which my brain replies 

""Don't worry. You'll smell it. Its a very penetrative anal cake!""

Silence. 

Every eye in the room and the lizard in the tank is focused on me.. All I can think to say is 

""Anal as in....annoying.. Penetratingly annoying""

TL;DR:","TIFU is a social media phenomenon .
It has become known as 'anal cakes'
It is also known as a ' penetrative anal cake'", found an eraser that smelled like a urinal cake. Freudian slipped it to anal cake for my English teacher.
4,google/pegasus-large,r/tifu,"SUBREDDIT: r/tifu

TITLE: TIFU by forcing Chemo images on a subordinate.

POST: I'm a manager at a store which has a large amount of Hallmark-like cards on display. We are currently going through inventory and must separate cards into categories to count for our auditor. Well, I delegated the task to a subordinate (Anon2) and had them specifically in a section for ""Get Well."" For some dark humor reason, there are a ton of cards on cancer and chemotherapy (such as ones like this  So, for about 3 hours the subordinate sorted through these cards and my co-manager came up to me and said, ""Hey Anon, you do know that Anon2's mom just got diagnosed with cancer... right?"" As I gazed into his eyes with a cold sweat taking over. I then searched my memory to make sure I didn't make any jokes or anything and remembered picking up a similar card to the card I posted a link of above and saying, ""Wow. This is a terrible card. What kind of dark humor is this? They may have well of made a joke about the Holocaust."" And Anon responded by just nodding IIRC. 

Luckily, Anon2 is calm and cool and we are friends outside work, so hopefully they don't take this to heart too much. Or hopefully they don't walk out crying and quit. I just moved Anon2 to a new task as lightly as possible after finding out.

TL;DR:","Well, I delegated the task to a subordinate (Anon2) and had them specifically in a section for ""Get Well."" For some dark humor reason, there are a ton of cards on cancer and chemotherapy (such as ones like this So, for about 3 hours the subordinate sorted through these cards and my co-manager came up to me and said, ""Hey Anon, you do know that Anon2's mom just got diagnosed with cancer..."," I made a worker sort through Hallmark-like cards that make dark humor jokes about cancer for about three hours for inventory. The worker's mom was just diagnosed with cancer, which I didn't know."
5,google/pegasus-large,r/tifu,"SUBREDDIT: r/tifu

TITLE: TIFU by slamming a fridge door into my head

POST: In my house we keep most of our food in a large fridge-freezer. It's approximately 2 meters in height, with the fridge part taking up about 2/3 of the unit. About 20 minutes ago, my parents went out, leaving 15 y/o me in charge of the house and my two brothers. As he left, my dad mentioned that we had some screwball ice cream in, and as I was really in the mood for one I went for the freezer. I grabbed the handle without looking and yanked a door open. Remember, this is not THE door; just A door... 
  Now, as the handle is about three feet off the ground, (almost) 6'0 me had to bend down and, as a result, my vision went to the floor and my long fringe blocked my view of where my hand was going. The fridge door handle is only about an inch above the freezer handle and feels exactly the same, so without thinking I grabbed the FRIDGE door, which was right in front of my head.
  As the freezer door sometimes gets frozen up, I opened it really hard and, as a result smashed the massive door into my head with cranium-shaking force, knocking the seven bells out of me. Also, the fact that the door was covered with shelves of loose jars made a DEAFENING noise. The combined impact of the door and noise of the jars made me collapse to the floor, disoriented and in shock. Everyone laughed at my magnificent incompetence, and I felt utterly stupid, but at least I got a some tasty ice cream and bubblegum out of it.

TL;DR:","The fridge door handle is only about an inch above the freezer handle and feels exactly the same, so without thinking I grabbed the FRIDGE door, which was right in front of my head."," Accidentally grabbed the wrong door handle, which led to me destroying my senses and dignity in an instant. I am not a smart man."
6,google/pegasus-large,r/tifu,"SUBREDDIT: r/tifu

TITLE: TIFU by saying 'Hi' to my ex

POST: This happened about an hour ago so i thought it would be a good first post.

So i got home from work and was browsing the net when i got a message on whats-app from lets call her Katrina saying 'Hi?'. Bare in mind that we had met last weekend to try and be friends which went horribly but that is another story.

So being the massive idiot i am i text 'Hi' back. I didn't really want to speak to her so i kept writing short replies to her questions and eventually Katrina asks 'Do you even like me anymore?' to which my reply is 'tbh i have had enough'. This is where everything goes to shit.

So Katrina starts having a go at me saying i put her through shit and she never knew why she went out with me and loads of shit like that and eventually it turned into threats. Katrina said 'You won't see me anymore and if you do i will beat the shit out of you and so will David' (David is not the real name of her new boyfriend).

So then i was sitting at home thinking it will never happen and i will not see them again and then i remember... i work in the town they live in.

TL;DR:",So Katrina starts having a go at me saying i put her through shit and she never knew why she went out with me and loads of shit like that and eventually it turned into threats.," Got a message from my ex, replied, got into an argument, now she and her new boyfriend want my guts."
7,google/pegasus-large,r/tifu,"SUBREDDIT: r/tifu

TITLE: TIFU by getting my haircut by a Russian lady

POST: My hair was getting quite long and too long to gel how I like it so I decided to get my locks cut. I go into Fantastic Sam's (probably my first fuck up) to get my hair trimmed so I can go back to looking funky fresh. I go in to be greeted by a Russian lady with the hair of a 14 year old girl who has daddy issues and loves dubstep. This lady was straight up, ""carry log on her shoulder"", vodka drinking, Russian lady. Picture the stereotype, but with hair that screams she doesn't know how to make decent decisions. After waiting for her to clean up her station, I sit down in the leathery throne where I am cloaked. 
Now I have pretty short hair, and have gone in there many times, and it normally takes about 15-20 minutes to trim it back to the length I like it. This Russian lady takes about an hour to cut my hair. Now I would have no problem with that if the haircut was decent... but the back looked like someone gave her those scissors that make designs out of the edge of the paper. She removed hair from the sides but not the top, causing me to now look like macklemore, if macklemore had now a botched back and uneven sideburns.

TL;DR:",SUBREDDIT: r/tifu TITLE: TIFU by getting my haircut by a Russian lady POST: My hair was getting quite long and too long to gel how I like it so I decided to get my locks cut.," middle aged russian lady tortured my hair like I was in Guantanamo, now I look like a white rapper who raps about being poor"
8,google-t5/t5-large,r/tifu,"SUBREDDIT: r/tifu

TITLE: TIFU by wanking with hair gel (NSFW)

POST: Context: I live at home with my two parents and my brother. My parents both work and were both have been gone since Monday on their anniversary to Vegas. Anyway, my brother and I walk to the same school every morning but on Fridays, I get out at 10:30 today because I have a weird schedule that consists of an early lunch and multiple free periods. Keep in mind I have had a stuffy nose for the past week or so redditors.

Story: So, I get out of school at 10 o'clock and get home around 10:15. I hang out for about 30 minutes or so, until I realize the significance of the empty house. So, I decided to open up the spank bank. I am mildly aroused and decide that I need some lubrication. I look around my room and cannot find my lotion so I head to my parents room where I still cannot find any lotion. Checking the time, there is only about 25 minutes left to do the deed. I then go to my brother's room and find a bottle of what appears to be lotion. I rush to my room, fully naked, hoping that I will have enough time for a quickie. I turn on the content and apply lotion **generously** and the rest is history. After I am finished I put the lotion back and clean up a little.

My brother came home about 2 minutes later and obviously couldn't smell the lotion or see any of the mess. A few minutes later, I sit down to watch tv, and my balls begin to feel a little weird, but I brush it off. I fall asleep on the couch and awake three hours later in agonizing pain, my sack feeling like concrete. I think back to what happened and hobble upstairs like a penguin to my brother's room to check the lotion. Turns out, it's **hair gel**. I couldn't smell the difference when I used it because of my stuffy nose. In a desperate attempt, I jump into the shower and feel a searing pain in that area. I don't dare to look down, but when I eventually do, it feels and looks like a rock hard, sun-dried tomato.

This:  

vs 

This:

TL;DR:",wanking with hair gel is a r/tifu story about a girl with a stuffy nose . she uses hair gel to lubricate her balls and wakes up in agonizing pain . the girl with the hair gel says it's a good thing she has a spank bank . a friend of hers says she's never been happier .," What I thought I used to ""wrestle the dragon"" was not Nivea moisturizer, but it was in fact Nivea ultra forte extra strong styling gel."
9,google-t5/t5-large,r/tifu,"SUBREDDIT: r/tifu

TITLE: TIFU by sleeping with a friend

POST: Last night a friend was having a 30th a few hours drive from home so we decided to stay down there and my female friend Jess offered to give me a lift. We are  both good mates and so I thought what a good idea and i can sleep, on the way down I told her I was sharing a room with another 1 of our friends lets call him Simon. Almost at the hotel she starts talking about how funny it would be if we played a prank on simon and offered him a threesome, I was like that would be pretty funny... i thought Let's do it!

After a big night, much alcohol and party drugs were taken... we headed back at 3am, we all get a bus back to the hotel and Jess follows us to our rooms, I open the door and just collapsed on the bed.

Jess and Simon are hooking up at the door, both come in and go to his bed and start getting into it, she is moaning and he is moaning and im just thinking fuck. .. im so not keen for this so i pretend im passed out and asleep. Finally they are done and she leaves and i get a text saying she needs to talk to me so i leave the room and go to hers. The druken/high naive idiot i am, goes to her room and she is naked and jumps me and im like no way i dont want sloppy seconds. She says they didn't fuck, pulls my pants down and stars going down on me, so i was like ok im pretty horny  now so jess and i fucked for like an hour. Afterwards it was awkward as fuck, i go back to my room and sleep and wake up and now I have to drive 3 hours with her back home. I told her not to tell anyone and I was way too high... but omg such a fuck up, most awkward 3 hours. I dont think i can sit down and be normal around her again.

TL;DR:","tifu slept with a friend after a big night out at a friends 30th birthday party . she offered him a threesome and he said sure, so he agreed . they fucked for an hour and then he had to drive 3 hours with her back home ."," female friend was keen on me and took advantage of me drunk and high, spent 3 hours awkwardly not talking in the car"
10,google-t5/t5-large,r/tifu,"SUBREDDIT: r/tifu

TITLE: TIFU by not opening my text messages.

POST: So yesterday as I was leaving work my boss says to me ""there's no work tomorrow"" so I say ""no worries let me know"" (he's very prone to changing his mind).
So I went out last night, and went to the movies and got a bit drunk in gold lounge (I get extremely bad hangovers no matter how much I drink or what I do). 
So I'm having a merry old time, wind up at a mates house, have a few more fire waters and go to bed at 3am. So I wake up at just about bang on 8 and look at my phone because I downloaded Fallout Shelter and was keen to check on my vault. Pull down the top drawer of my phone and there's a message from Rob (bossman) at 8:35pm. I get a knot in my stomach. I click on it ""8am start"". I think fuckfuckfuckfuckfuck. I like to think cheesy comedy movie music started playing at I was running through his house looking for all my shit, making a coffee and getting dressed into the work clothes I always keep in my overnight bag. Anyway so I fucking bailed all ready for work in very impressive time I shoot him a text ""fuck man I'm so sorry I'll be there in 10"". I get one back as I'm nearly at his house "" what? I said there's no work today "" so I was thinking ""wtf was that message?""
It was from fucking Tuesday. So now I'm sitting in traffic, hungover to actual fuck. And my boss thinks I'm a fucking spoon.

TL;DR:",r/tifu by not opening his text messages . 'i get extremely bad hangovers no matter how much i drink' 'my boss thinks i'm a fucking spoon'," got drunk, thought I had the day off today. Freaked out because a message from 2 days ago said 8am start."
11,google-t5/t5-large,r/tifu,"SUBREDDIT: r/tifu

TITLE: TIFU - By locking myself out

POST: Ok, I don't know why I didn't think to post this here 3 days ago when it happened, instead I just posted it for my friends at /r/talesfromthefrontdesk but this is pretty TIFU worthy.

Backstory: I'm a night manager for a hotel, I'm the **only** staff member on property from 11pm to 7am, just me, and 150 rooms of guests. I keep an eye on the front desk while I do the accounting for the day, the weekly schedule for the office, various things that we just can't get done during the day. I live in Connecticut, it was -6 here the other night.

Here comes the FU: I decided I wanted to smoke a cigarette, but I didn't want to freeze my ass off, so we have [this area] ( off of the side of the building - note the 20 foot freakin wall that goes all the way around, and the orange gates. Those gates are locked from the **other** side. -- I smoke out there when it's cold because I can turn on our industrial dryers in laundry and stand under the vents to stay warm, now in the 3 years I've worked in this building we have NEVER locked the door from the building to the box (that's what we call it) so I naturally didn't take my keys with me when I went outside. Well. Some idiot *locked the door*. It's negative 6 degrees. I'm in a suit and a pea coat with skimpy scarf, and these dryers are about to shut off, and I'm trapped in the box. I clearly cannot scale that wall, and I can't climb the gate because of the design of it, thankfully I'm one of those addicts who doesn't leave his phone anywhere, but I had to call an employee from a neighboring hotel, tell him where I was and how to navigate his way through the entire back end of my hotel to let me in before I freeze to death. And I left my hotel unattended for 20 minutes at least.

TL;DR:",a night manager locked himself out of his hotel while smoking a cigarette . he left his hotel unattended for 20 minutes at least . the door to the box was locked from the **other** side .," I'm a dumbass who locked myself out of the hotel I work in, at 3am, in -6 degree weather. Not one of my brighter moments."
12,facebook/bart-large-cnn,r/tifu,"SUBREDDIT: r/tifu

TITLE: TIFU by likely ruining my life and my best friend's life as well

POST: This monumental fuck up has been building up over the past few months and finally culminated today. 

Some Back-story: in January I started my first semester of college, I started talking to this girl that I will refer to as ""Jen"". We both are 19 and live with our families, Jen however can't move out since her mother is a piece of shit that doesn't feel like raising all of Jen's siblings, so the responsibility falls on Jen.

We started hooking up, now normally that would be okay but not in her case. Her mother controls her whole life so, we had to sneak around before she had to go home. Having to do this lead us to start skipping class so we could hang out. We hit a rough patch when we both realized her mother would find out about us being together and called it off. I admittedly fell for Jen. Out of sadness, I began drinking Jack Daniels and smoking pot like I used to in High School. My family found out about this and were very upset because they thought I had quit that stuff. They threatened to throw me out.

The two of us stayed friends because our friends wanted us too. Jen told me she had never smoked pot before and wanted to try it, so I obligated and smoked with her for her first time. after that she disappeared for this past week and no one could find her.

Today: I get a message from Jen saying she wasn't coming back to campus because her mother took her phone and went through ALL of our messages and found out about us hooking up and me smoking with her.

TL;DR:","""This monumental fuck up has been building up over the past few months and finally culminated today"" ""I admittedly fell for Jen. I began drinking Jack Daniels and smoking pot like I used to in High School. My family found out about this and were very upset because they thought I had quit that stuff. They threatened to throw me out"""," I failed myself and a good friend out of college, got her barred from ever seeing me again or coming back to campus, and almost got myself thrown out. Moral of the story is stay in school and drugs actually are bad."
13,facebook/bart-large-cnn,r/tifu,"SUBREDDIT: r/tifu

TITLE: TIFU by making a lady think she was fat

POST: This happened today while at work. I was on a jam packed elevator on my way to a meeting. We are going down and the elevator stops and the door opens. There is a short, not fat woman in her 40's wanting to get on the elevator. Everyone squeezes together to make room. The second she gets both feet on the elevator the alarm starts going off. Everyone thinks it's because we are over the weight limit. The doors are starting to close. The woman, with her head down, bolts out the door and doesn't look back. Seconds later security comes over the speaker asking if everything is ok. We then realize my ass was pushing against the alarm button.

TL;DR:","Short, not fat woman in her 40's wants to get on the elevator. The second she gets both feet on, the alarm starts going off. The woman, with her head down, bolts out the door and doesn't look back. Seconds later security comes over the speaker asking if everything is ok."," Full elevator, woman got on, my ass hit the alarm, she thought she put us over the weight limit and bolted off the elevator."
14,facebook/bart-large-cnn,r/tifu,"SUBREDDIT: r/tifu

TITLE: TIFU by not opening my text messages.

POST: So yesterday as I was leaving work my boss says to me ""there's no work tomorrow"" so I say ""no worries let me know"" (he's very prone to changing his mind).
So I went out last night, and went to the movies and got a bit drunk in gold lounge (I get extremely bad hangovers no matter how much I drink or what I do). 
So I'm having a merry old time, wind up at a mates house, have a few more fire waters and go to bed at 3am. So I wake up at just about bang on 8 and look at my phone because I downloaded Fallout Shelter and was keen to check on my vault. Pull down the top drawer of my phone and there's a message from Rob (bossman) at 8:35pm. I get a knot in my stomach. I click on it ""8am start"". I think fuckfuckfuckfuckfuck. I like to think cheesy comedy movie music started playing at I was running through his house looking for all my shit, making a coffee and getting dressed into the work clothes I always keep in my overnight bag. Anyway so I fucking bailed all ready for work in very impressive time I shoot him a text ""fuck man I'm so sorry I'll be there in 10"". I get one back as I'm nearly at his house "" what? I said there's no work today "" so I was thinking ""wtf was that message?""
It was from fucking Tuesday. So now I'm sitting in traffic, hungover to actual fuck. And my boss thinks I'm a fucking spoon.

TL;DR:","TIFU by not opening my text messages. r/tifu is a weekly, offbeat look at what's going on in the world of Reddit. This week, we look at a man who got a text from his boss saying there was no work for him tomorrow."," got drunk, thought I had the day off today. Freaked out because a message from 2 days ago said 8am start."
15,facebook/bart-large-cnn,r/tifu,"SUBREDDIT: r/tifu

TITLE: TIFU and am never going back to a certain Starbuck's within a Stop and Shop again...

POST: So I was working today and went to go get me and my manager coffees at a Starbuck's within a Stop and Shop. Go to the Starbuck's, all is good, get my managers coffee, a small hot black, and mine, small iced, then go around the corner of the Starbucks kiosk to put cream and sugar in my coffee. Now mind you, the two people staffed at the little Starbucks shop cannot clearly see me now that I have moved to cream and sugar my coffee. So I go to put cream in my coffee, all is well. I snap the lid back on and realize I forgot the sugar. No problem. I snap the lid back off and put sugar in my coffee. Now here is how the devil lid fucks everything up. I try to snap the plastic lid back onto my coffee and struggle. Then as I push down trying to get it on, the lid goes one way and the coffee the other. Almost my entire iced coffee goes spilling all over the little table with cream, sugars, and stirrers and all over the nearby trash can. I get about 10 napkins and try to mop up all the coffee but it's too much, fuck.

I realize now I should tell the employees. But then it dawns on me there are no other customers, and the employees cannot see me. So I decide to just make my escape and quickly walk off leaving the sugar and cream table covered in my iced coffee. Yes I realize I am an asshole but it was out of pure awkwardness and panic. I get out into the parking lot and drive off, with only one coffee in hand. So yeah, next time I go for coffee break, I don't think I will choose that place because they will have realized what I did and probably think I'm the world's biggest ass hole.

TL;DR:","Worker gets coffee at a Starbuck's within a Stop and Shop. The lid on his coffee goes one way and the coffee the other. Almost his entire iced coffee goes spilling all over the little table with cream, sugars, and stirrers. ""I realize now I should tell the employees,"" he says."," Spilt iced coffee all over Starbucks kiosk in Stop and Shop, escaped, and now I am the coffee asshole."
16,Falconsai/text_summarization,r/tifu,"SUBREDDIT: r/tifu

TITLE: TIFU by trying to donate blood.

POST: Obligatory not today, but rather six years ago, during sophomore year of high school.

Anyway, a bit of backstory, I was prone to having panic (or anxiety if you so choose) attacks back then and would have them maybe once a month, sometimes more. This plays into the fuckup in a big way.

It was blood-drive day at school and like before when the vampire group would show up, I'd happily donate blood. I really had no problem with seeing blood or dealing with needles so I figure might as well donate (plus free candy afterwards and time out of class).

The time comes for my class to give blood and I get up and leave with the rest of my class, girlfriend included. I'm seated and awaiting my bag to be prepped and watching my girlfriend (seated next to me) at the time getting her arm stuck with her needle. Soon after I have my needle put in.

Now, this is where the panic attack bit comes in. I'm sitting in my chair, fucking around with my phone and feeling my blood drain out of me when a familiar sensation crops up, shit. I start having a full blown panic attack out of nowhere and begin to try to get out of my seat. Why? No idea. 

During all this, the other students (about 30 of them) became aware of my distress and focused on me. I get freaked out further and proceed to take my arm off the armrest, bad idea. The tube running from my arm to my bag gets caught on the armrest and rips out of my arm, which causes my arm squirt blood everywhere, landing mostly on my girlfriend. Not only her but the whole class starts doing their own thing, laughing, freaking out, throwing up, etc.

The nurses proceed to calm me down, clean me up, and send me the fuck home. I got home with a hefty bruise on my arm and fucking grateful feeling of knowing it was a Friday and that it'd just blow over by Monday. It didn't. It was well into Junior year before people stopped asking if I was ""that one guy who fucked up a blood-drive by spraying blood everywhere"".

TL;DR:","I was prone to having panic attacks back then and would have them maybe once a month, sometimes more . The time comes for my class to give blood and I get up and leave with my rest of my class . I'm sitting in my chair, awaiting my bag to be prepped and watching my girlfriend get her arm stuck with her needle ."," Became a human super-soaker, covered my girlfriend with the wrong kind of fluid, ended an entire blood-drive, and terrified an entire high-school class. Didn't even get candy."
17,Falconsai/text_summarization,r/tifu,"SUBREDDIT: r/tifu

TITLE: TIFU by trusting a friend with my crush.

POST: I had hoped that I would never have to post to this subreddit. I guess this is the first. 

So, I'm in the difficult years of middle school (I'm about 13), and at this age, I start getting attracted to the opposite sex because puberty. Naturally, I fell into this cycle. 

Everything was good so far. I snapped out of my little depressive state that I'd had carried for a while, and started trying to become friends with the aforementioned girl just to be friends, not to be partners (first steps). That is, until I begin talking to this friend of mine (let's call him Noah). I don't know how, but he manages to filter out the entire list of girls in the school to pinpoint that ""significant other"" that I'd been searching for. Because I don't quite know how to lie in this situation, I told him that his guess was correct. 

This is where things go awry. After finding out my crush, Noah tells me that he's going to go out the next day and basically say to her face that I have a crush on her, which is pretty easy for him, because his locker is literally RIGHT NEXT TO HERS. Why this is bad is because I wanted to get to know her better before I pop the ""will you go out with me"" question instead of just doing it at this very instant. 

I'm kind of a nervous wreck right now. People are telling me not to worry, but I don't quite know what the hell is going to happen right after this entire thing happens. I get that I might be overreacting, but I really don't know what to do here.

TL;DR:","I'm in the difficult years of middle school, and at this age, I start getting attracted to the opposite sex because puberty . I snapped out of my little depressive state that I'd carried for a while, and started trying to become friends with the aforementioned girl just to be friends, not to be partners (first steps) I don't know how, but he manages to filter out the entire list of girls in the school to pinpoint that ""significant other"" I've been searching"," A friend interrogates me about my crush, I give him the identity of my crush because I am an idiot, he decides to tell my crush directly that I like her tomorrow. I'm nervous as hell about the aftermath."
18,Falconsai/text_summarization,r/tifu,"SUBREDDIT: r/tifu

TITLE: TIFU by playing Worms 3

POST: My phone was stolen about a month ago, so I havent been able to play any app games for a while. Once i restored my old ipod 3, I was immediately hooked to the only game I could download: Worms 3.

I go on the metro a lot, and I usually do not leave the metro system for a long time so I end up playing on my iphone along the way. Since I didnt have my phone at the time, I tried Worms 3 for the first time. By the time the game started, the doors of the metro closed, heading to the next station. I played for about 30 minutes, almost sweating because it was so intense. I looked up for a little breather, when I find almost everyone  the in whole kart looking at me as if I was crazy. It took me a few minutes to realize that for that entire time, I've been so into the game that I was yelling and smacking my face repeatedly when I messed up...
I pretended nothing happened until we stopped at the next station where I swiftly escaped the haunting attention.

TL;DR:","My phone was stolen about a month ago, so I havent been able to play any app games for a while . Since I didnt have my phone at the time, I tried Worms 3 for the first time . I played for about 30 minutes, almost sweating because it was so intense ."," I got really into Worms 3, and humiliated myself in front of people by reenacting a weak version of Fight Club."
19,Falconsai/text_summarization,r/tifu,"SUBREDDIT: r/tifu

TITLE: TIFU - by not asking for directions to my interview and forgetting my cellphone

POST: This is one of those rare ones that actually happened today ... although it's not as embarrassing as some ... it is however a screw up .... i've been looking for a job as many people are ... on Monday i get a call for an interview on Wednesday at 3pm ... so i check the address...i know the area well like the back of my hand... 2 days pass day of interview at 1pm i recheck the address i know the area i used to live about 4 blocks away , no worries what so ever... 2:30 i leave for the interview with all that i need get to the address 2:45...i'm 15 minutes early yeah!! (if you show up to an interview on time ... you are late) ...i look and it's a big warehouse with only 1 business in it as far as i can tell... we'll call it ""the cinder block"" ...but it's not the business where i had the interview ... so i drive around the warehouse looking truck after truck ""the cinder block"" ""the cinder block""... for the life of me i can not see the place ... it's now about 2:50 panic starts setting in ... i start expanding my search ... i'm driving around finding nothing ... it's now about 2:55... i reach for the cell phone ... i had left it at home charging... drive around some more while chanting expletives and cursing myself... 3pm... give up drive home still swearing at myself.... as soon as i get home i phone the place asking for my interviewer... who is of course busy (probably interviewing the person who did ask for directions,has their cellphone and is getting the job)... i leave a polite message of apology and asking to be called back if they still want to interview me (not holding my breath on that one)... i also plan on phoning him tomorrow and apologizing again for wasting his time... so new life rule(s)... always ask for directions even if i know the area and always double check i have the cell with me....first interview i have ever missed... had i asked for directions and/or brought a cellphone... i would not have missed the interview....

TL;DR:",i've been looking for a job as many people are ... on Monday i get a call for an interview on Wednesday at 3pm ... so i check the address... i know the area well like the back of my hand... no worries what so ever... 2:30 i leave for the interview with all that i need get to the address 2:45 . i look and it's a big warehouse with only 1 business in it as far as i can tell... we'll call it, always ask for directions when interviewing even if you know the area well and always take your cellphone...GDMFSOB....
